-1,ランチ,ランチ,1,0,1,,,1,197.0,220.0,182.0
10001,季節の限定ランチ,ｷｾﾂﾉｹﾞﾝﾃｲﾗﾝﾁ,1,0,1,一日限定25食。寒ブリの刺身、春菊と大根の温野菜サラダ、かす汁,本日は先着10食限定で「氷見（ひみ）寒ブリ」をご用意、通常このお値段では食べられません！超ｵｽｽﾒです。,2,,,
10002,日替わり限定ランチ,ﾋｶﾞﾜﾘｹﾞﾝﾃｲﾗﾝﾁ,1,0,1,一日25食限定のランチ。３つの小鉢と味ご飯にメインの料理が付きます。,サーモンの香草焼き,3,,,
-1,アルコール,アルコール,1,0,1,,,4,197.0,220.0,182.0
10250,生ビール（中）,ﾅﾏﾋﾞｰﾙ(ﾁｭｳ),1,0,1,,,5,,,
10255,キリンラガー（中瓶）,ｷﾘﾝﾗｶﾞｰ(ﾁｭｳﾋﾞﾝ),1,0,1,,,6,,,
10270,芋焼酎,ｲﾓｼｮｳﾁｭｳ,1,0,1,,,7,,,
10271,麦焼酎,ﾑｷﾞｼｮｳﾁｭｳ,1,0,1,,,8,,,
-1,コーヒー・紅茶,コーヒー・紅茶,1,0,1,,,9,197.0,220.0,182.0
10360,ホットコーヒー,ﾎｯﾄｺｰﾋｰ,1,0,1,,,10,,,
10361,アイスコーヒー,ｱｲｽｺｰﾋｰ,1,0,1,,,11,,,
10364,紅茶,ｺｳﾁｬ,1,0,1,,,12,,,
10365,アイスティー,ｱｲｽﾃｨｰ,1,0,1,,,13,,,
-1,その他ジュース等,その他ジュース等,1,0,1,,,14,197.0,220.0,182.0
10370,オレンジジュース,ｵﾚﾝｼﾞｼﾞｭｰｽ,1,0,1,,,15,,,
10371,アップルジュース,ｱｯﾌﾟﾙｼﾞｭｰｽ,1,0,1,,,16,,,
10372,ミックスジュース,ﾐｯｸｽｼﾞｭｰｽ,1,0,1,,,17,,,
10377,ウーロン茶,ｳｰﾛﾝﾁｬ,1,0,1,,,18,,,
10001,季節の限定ランチ,ｷｾﾂﾉｹﾞﾝﾃｲﾗﾝﾁ,2,1,1,一日限定25食。寒ブリの刺身、春菊と大根の温野菜サラダ、かす汁,本日は先着10食限定で「氷見（ひみ）寒ブリ」をご用意、通常このお値段では食べられません！超ｵｽｽﾒです。,1,,,
10002,日替わり限定ランチ,ﾋｶﾞﾜﾘｹﾞﾝﾃｲﾗﾝﾁ,2,1,1,一日25食限定のランチ。３つの小鉢と味ご飯にメインの料理が付きます。,サーモンの香草焼き,2,,,
10003,日替わり和食ランチ,ﾋｶﾞﾜﾘﾜｼｮｸﾗﾝﾁ,2,1,1,メインの料理に２つの小鉢とご飯と汁物,焼ほっけ,3,,,
10004,日替わり洋食ランチ,ﾋｶﾞﾜﾘﾖｳｼｮｸﾗﾝﾁ,2,1,1,メインの料理に付け合せとサラダ、ライスかパンとスープ,ハンバーグ　デミグラスソース,4,,,
10005,日替わり中華ランチ,ﾋｶﾞﾜﾘﾁｭｳｶﾗﾝﾁ,2,1,1,メインの料理に２つの小鉢とご飯と中華スープ,酢豚（黒酢使用・パイナップルなし）,5,,,
10006,お勧めパスタランチ,ｵｽｽﾒﾊﾟｽﾀﾗﾝﾁ,2,1,1,本日のパスタとサラダとパン,,6,,,
10007,お勧めピザランチ,ｵｽｽﾒﾋﾟｻﾞﾗﾝﾁ,2,1,1,前菜に本日のピザ（20センチ)とサラダ,,7,,,
10020,親子丼セット,ｵﾔｺﾄﾞﾝｾｯﾄ,2,1,1,セットにうどんが付きます。（蕎麦への変更が可能）,,8,,,
10021,牛丼セット,ｷﾞｭｳﾄﾞﾝｾｯﾄ,2,1,1,セットにうどんが付きます。（蕎麦への変更が可能）,,9,,,
10022,カツ丼セット,ｶﾂﾄﾞﾝｾｯﾄ,2,1,1,セットにうどんが付きます。（蕎麦への変更が可能）,,10,,,
10023,他人丼セット,ﾀﾆﾝﾄﾞﾝｾｯﾄ,2,1,1,セットにうどんが付きます。（蕎麦への変更が可能）,,11,,,
10024,天丼セット,ﾃﾝﾄﾞﾝｾｯﾄ,2,1,1,セットにうどんが付きます。（蕎麦への変更が可能）,,12,,,
10025,大海老天丼セット,ｵｵｴﾋﾞﾃﾝﾄﾞﾝｾｯﾄ,2,1,1,セットにうどんが付きます。（蕎麦への変更が可能）,,13,,,
10037,半チャンセット,ﾊﾝﾁｬﾝｾｯﾄ,2,1,1,,,14,,,
10039,うどん定食,ｳﾄﾞﾝﾃｲｼｮｸ,2,1,1,炊き込みご飯と小鉢１つがセットになっています。,,15,,,
10041,もりそば定食,ﾓﾘｿﾊﾞﾃｲｼｮｸ,2,1,1,炊き込みご飯と小鉢１つがセットになっています。,,16,,,
10070,黒豚とんかつ定食,ｸﾛﾌﾞﾀﾄﾝｶﾂﾃｲｼｮｸ,2,1,1,,,17,,,
10071,ミックスフライ定食,ﾐｯｸｽﾌﾗｲﾃｲｼｮｸ,2,1,1,,,18,,,
10073,チキン照り焼き定食,ﾁｷﾝﾃﾘﾔｷﾃｲｼｮｸ,2,1,1,,,19,,,
10075,チキンカツ定食,ﾁｷﾝｶﾂﾃｲｼｮｸ,2,1,1,,,20,,,
10080,チキン南蛮定食,ﾁｷﾝﾅﾝﾊﾞﾝﾃｲｼｮｸ,2,1,1,,,21,,,
10079,唐揚げ定食,ｶﾗｱｹﾞﾃｲｼｮｸ,2,1,1,,,22,,,
10081,焼肉定食,ﾔｷﾆｸﾃｲｼｮｸ,2,1,1,,,23,,,
10077,麻婆茄子定食,ﾏｰﾎﾞｰﾅｽﾃｲｼｮｸ,2,1,1,,,24,,,
10078,酢豚定食,ｽﾌﾞﾀﾃｲｼｮｸ,2,1,1,,,25,,,
10082,ステーキランチ,ｽﾃｰｷﾗﾝﾁ,2,1,1,,,26,,,
10087,Tボーンステーキランチ,ﾃｨｰﾎﾞｰﾝｽﾃｰｷﾗﾝﾁ,2,1,1,,,27,,,
10088,ラムチョップランチ,ﾗﾑﾁｮｯﾌﾟﾗﾝﾁ,2,1,1,,,28,,,
10089,レディースランチ,ﾚﾃﾞｨｰｽﾗﾝﾁ,2,1,1,,,29,,,
-1,単品,単品,2,2,1,,,1,197.0,220.0,182.0
10014,親子丼,ｵﾔｺﾄﾞﾝ,2,2,1,,,2,,,
10015,牛丼,ｷﾞｭｳﾄﾞﾝ,2,2,1,,,3,,,
10016,カツ丼,ｶﾂﾄﾞﾝ,2,2,1,,,4,,,
10017,他人丼,ﾀﾆﾝﾄﾞﾝ,2,2,1,,,5,,,
10018,天丼,ﾃﾝﾄﾞﾝ,2,2,1,,,6,,,
10019,大海老天丼,ｵｵｴﾋﾞﾃﾝﾄﾞﾝ,2,2,1,車えびの天ぷらが乗った天丼です。,,7,,,
-1,セット,セット,2,2,1,,,8,197.0,220.0,182.0
10020,親子丼セット,ｵﾔｺﾄﾞﾝｾｯﾄ,2,2,1,セットにうどんが付きます。（蕎麦への変更が可能）,,9,,,
10021,牛丼セット,ｷﾞｭｳﾄﾞﾝｾｯﾄ,2,2,1,セットにうどんが付きます。（蕎麦への変更が可能）,,10,,,
10022,カツ丼セット,ｶﾂﾄﾞﾝｾｯﾄ,2,2,1,セットにうどんが付きます。（蕎麦への変更が可能）,,11,,,
10023,他人丼セット,ﾀﾆﾝﾄﾞﾝｾｯﾄ,2,2,1,セットにうどんが付きます。（蕎麦への変更が可能）,,12,,,
10024,天丼セット,ﾃﾝﾄﾞﾝｾｯﾄ,2,2,1,セットにうどんが付きます。（蕎麦への変更が可能）,,13,,,
10025,大海老天丼セット,ｵｵｴﾋﾞﾃﾝﾄﾞﾝｾｯﾄ,2,2,1,セットにうどんが付きます。（蕎麦への変更が可能）,,14,,,
10010,カレーライス,ｶﾚｰﾗｲｽ,2,3,1,,,1,,,
10011,ビーフカレー,ﾋﾞｰﾌｶﾚｰ,2,3,1,,,2,,,
10012,カツカレー,ｶﾂｶﾚｰ,2,3,1,,,3,,,
10013,チキンカツカレー,ﾁｷﾝｶﾂｶﾚｰ,2,3,1,,,4,,,
-1,セット,セット,2,4,1,,,1,197.0,220.0,182.0
10039,うどん定食,ｳﾄﾞﾝﾃｲｼｮｸ,2,4,1,炊き込みご飯と小鉢１つがセットになっています。（おにぎり２つへの変更が可能）,,2,,,
10041,もりそば定食,ﾓﾘｿﾊﾞﾃｲｼｮｸ,2,4,1,炊き込みご飯と小鉢１つがセットになっています。（おにぎり２つへの変更が可能）,,3,,,
10037,半チャンセット,ﾊﾝﾁｬﾝｾｯﾄ,2,4,1,,,4,,,
-1,ラーメン,ラーメン,2,4,1,,,5,197.0,220.0,182.0
10030,味噌ラーメン,ﾐｿﾗｰﾒﾝ,2,4,1,,,6,,,
10031,醤油ラーメン,ｼｮｳﾕﾗｰﾒﾝ,2,4,1,,,7,,,
10032,塩ラーメン,ｼｵﾗｰﾒﾝ,2,4,1,,,8,,,
10033,チャーシュー麺,ﾁｬｰｼｭｰﾒﾝ,2,4,1,,,9,,,
10034,坦々麺,ﾀﾝﾀﾝﾒﾝ,2,4,1,,,10,,,
10035,ジャージャー麺,ｼﾞｬｰｼﾞｬｰﾒﾝ,2,4,1,,,11,,,
10036,つけ麺,ﾂｹﾒﾝ,2,4,1,,,12,,,
-1,うどん・蕎麦,うどん・蕎麦,2,4,1,,,13,197.0,220.0,182.0
10038,うどん,ｳﾄﾞﾝ,2,4,1,,,14,,,
10042,天麩羅うどん,ﾃﾝﾌﾟﾗｳﾄﾞﾝ,2,4,1,,,15,,,
10043,煮込みうどん,ﾆｺﾐｳﾄﾞﾝ,2,4,1,,,16,,,
10040,もりそば,ﾓﾘｿﾊﾞ,2,4,1,,,17,,,
10044,天麩羅そば,天麩羅そば,2,4,1,,,18,,,
10045,鴨南蛮,ｶﾓﾅﾝﾊﾞﾝ,2,4,1,,,19,,,
-1,ヤキソバ,ヤキソバ,2,4,1,,,20,197.0,220.0,182.0
10046,モツヤキソバ,ﾓﾂﾔｷｿﾊﾞ,2,4,1,,,21,,,
10047,五目ヤキソバ,ｺﾞﾓｸﾔｷｿﾊﾞ,2,4,1,,,22,,,
10048,海鮮ヤキソバ,ｶｲｾﾝﾔｷｿﾊﾞ,2,4,1,,,23,,,
-1,パスタ・イタリアン,パスタ・イタリアン,2,4,1,,,24,197.0,220.0,182.0
10050,ナポリタン,ﾅﾎﾟﾘﾀﾝ,2,4,1,,,25,,,
10051,カルボナーラ,ｶﾙﾎﾞﾅｰﾗ,2,4,1,,,26,,,
10052,ヴォンゴレ・ビアンコ,ｳﾞｫﾝｺﾞﾚ・ﾋﾞｱﾝｺ,2,4,1,,,27,,,
10053,ヴォンゴレ・ロッソ,ｳﾞｫﾝｺﾞﾚ・ﾛｯｿ,2,4,1,,,28,,,
10054,ペスカトーレ,ﾍﾟｽｶﾄｰﾚ,2,4,1,,,29,,,
10055,ペペロンチーノ,ﾍﾟﾍﾟﾛﾝﾁｰﾉ,2,4,1,,,30,,,
10056,ジェノヴェーゼ,ｼﾞｪﾉﾍﾞｰｾﾞ,2,4,1,,,31,,,
10057,アラビアータ,ｱﾗﾋﾞｱｰﾀ,2,4,1,,,32,,,
10058,明太子スパゲッティ,ﾒﾝﾀｲｺｽﾊﾟｹﾞｯﾃｨ,2,4,1,,,33,,,
10059,和風きのこスパゲッティ,ﾜﾌｳｷﾉｺｽﾊﾟｹﾞｯﾃｨ,2,4,1,,,34,,,
10060,ホワイトソースとカラスミのラビオリ,ﾎﾜｲﾄｿｰｽﾄｶﾗｽﾐﾉﾗﾋﾞｵﾘ,2,4,1,,,35,,,
10061,トマトソースのニョッキ,ﾄﾏﾄｿｰｽﾉﾆｮｯｷ,2,4,1,,,36,,,
10062,ホワイトアスパラのニョッキ,ﾎﾜｲﾄｱｽﾊﾟﾗﾉﾆｮｯｷ,2,4,1,,,37,,,
10063,ほうれん草とリコッタチーズのカネロニ,ﾎｳﾚﾝｿｳﾄﾘｺｯﾀﾁｰｽﾞﾉｶﾈﾛﾆ,2,4,1,,,38,,,
-1,セット（丼）,セット（丼）,3,1,1,,,1,197.0,220.0,182.0
10020,親子丼セット,ｵﾔｺﾄﾞﾝｾｯﾄ,3,1,1,セットにうどんが付きます。（蕎麦への変更が可能）,,1,,,
10021,牛丼セット,ｷﾞｭｳﾄﾞﾝｾｯﾄ,3,1,1,セットにうどんが付きます。（蕎麦への変更が可能）,,2,,,
10022,カツ丼セット,ｶﾂﾄﾞﾝｾｯﾄ,3,1,1,セットにうどんが付きます。（蕎麦への変更が可能）,,3,,,
10023,他人丼セット,ﾀﾆﾝﾄﾞﾝｾｯﾄ,3,1,1,セットにうどんが付きます。（蕎麦への変更が可能）,,4,,,
10024,天丼セット,ﾃﾝﾄﾞﾝｾｯﾄ,3,1,1,セットにうどんが付きます。（蕎麦への変更が可能）,,5,,,
10025,大海老天丼セット,ｵｵｴﾋﾞﾃﾝﾄﾞﾝｾｯﾄ,3,1,1,セットにうどんが付きます。（蕎麦への変更が可能）,,6,,,
-1,セット（麺）,セット（麺）,3,1,1,,,7,197.0,220.0,182.0
10039,うどん定食,ｳﾄﾞﾝﾃｲｼｮｸ,3,1,1,炊き込みご飯と小鉢１つがセットになっています。（おにぎり２つへの変更が可能）,,8,,,
10041,もりそば定食,ﾓﾘｿﾊﾞﾃｲｼｮｸ,3,1,1,炊き込みご飯と小鉢１つがセットになっています。（おにぎり２つへの変更が可能）,,9,,,
-1,単品（丼）,単品（丼）,3,1,1,,,10,197.0,220.0,182.0
10014,親子丼,ｵﾔｺﾄﾞﾝ,3,1,1,,,12,,,
10015,牛丼,ｷﾞｭｳﾄﾞﾝ,3,1,1,,,13,,,
10016,カツ丼,ｶﾂﾄﾞﾝ,3,1,1,,,14,,,
10017,他人丼,ﾀﾆﾝﾄﾞﾝ,3,1,1,,,15,,,
10018,天丼,ﾃﾝﾄﾞﾝ,3,1,1,,,16,,,
10019,大海老天丼,ｵｵｴﾋﾞﾃﾝﾄﾞﾝ,3,1,1,車えびの天ぷらが乗った天丼です。,,17,,,
-1,単品（麺）,単品（麺）,3,1,1,,,18,197.0,220.0,182.0
10038,うどん,ｳﾄﾞﾝ,3,1,1,,,19,,,
10042,天麩羅うどん,ﾃﾝﾌﾟﾗｳﾄﾞﾝ,3,1,1,,,20,,,
10043,煮込みうどん,ﾆｺﾐｳﾄﾞﾝ,3,1,1,,,21,,,
10040,もりそば,ﾓﾘｿﾊﾞ,3,1,1,,,22,,,
10044,天麩羅そば,天麩羅そば,3,1,1,,,23,,,
10045,鴨南蛮,ｶﾓﾅﾝﾊﾞﾝ,3,1,1,,,24,,,
10070,黒豚とんかつ定食,ｸﾛﾌﾞﾀﾄﾝｶﾂﾃｲｼｮｸ,3,2,1,,,1,,,
10071,ミックスフライ定食,ﾐｯｸｽﾌﾗｲﾃｲｼｮｸ,3,2,1,,,2,,,
10073,チキン照り焼き定食,ﾁｷﾝﾃﾘﾔｷﾃｲｼｮｸ,3,2,1,,,3,,,
10075,チキンカツ定食,ﾁｷﾝｶﾂﾃｲｼｮｸ,3,2,1,,,4,,,
10080,チキン南蛮定食,ﾁｷﾝﾅﾝﾊﾞﾝﾃｲｼｮｸ,3,2,1,,,5,,,
10079,唐揚げ定食,ｶﾗｱｹﾞﾃｲｼｮｸ,3,2,1,,,6,,,
10082,ステーキランチ,ｽﾃｰｷﾗﾝﾁ,3,2,1,,,7,,,
10087,Tボーンステーキランチ,ﾃｨｰﾎﾞｰﾝｽﾃｰｷﾗﾝﾁ,3,2,1,,,8,,,
10088,ラムチョップランチ,ﾗﾑﾁｮｯﾌﾟﾗﾝﾁ,3,2,1,,,9,,,
10089,レディースランチ,ﾚﾃﾞｨｰｽﾗﾝﾁ,3,2,1,,,10,,,
-1,セット・定食,セット・定食,3,3,1,,,1,197.0,220.0,182.0
10077,麻婆茄子定食,ﾏｰﾎﾞｰﾅｽﾃｲｼｮｸ,3,3,1,,,2,,,
10078,酢豚定食,ｽﾌﾞﾀﾃｲｼｮｸ,3,3,1,,,3,,,
10037,半チャンセット,ﾊﾝﾁｬﾝｾｯﾄ,3,3,1,,,4,,,
-1,単品,単品,3,3,1,,,5,197.0,220.0,182.0
10030,味噌ラーメン,ﾐｿﾗｰﾒﾝ,3,3,1,,,6,,,
10031,醤油ラーメン,ｼｮｳﾕﾗｰﾒﾝ,3,3,1,,,7,,,
10032,塩ラーメン,ｼｵﾗｰﾒﾝ,3,3,1,,,8,,,
10033,チャーシュー麺,ﾁｬｰｼｭｰﾒﾝ,3,3,1,,,9,,,
10034,坦々麺,ﾀﾝﾀﾝﾒﾝ,3,3,1,,,10,,,
10035,ジャージャー麺,ｼﾞｬｰｼﾞｬｰﾒﾝ,3,3,1,,,11,,,
-1,セット,セット,3,4,1,,,1,197.0,220.0,182.0
10006,お勧めパスタランチ,ｵｽｽﾒﾊﾟｽﾀﾗﾝﾁ,3,4,1,本日のパスタとサラダとパン,,2,,,
10007,お勧めピザランチ,ｵｽｽﾒﾋﾟｻﾞﾗﾝﾁ,3,4,1,前菜に本日のピザ（20センチ)とサラダ,,3,,,
-1,単品,単品,3,4,1,,,4,197.0,220.0,182.0
10050,ナポリタン,ﾅﾎﾟﾘﾀﾝ,3,4,1,,,5,,,
10051,カルボナーラ,ｶﾙﾎﾞﾅｰﾗ,3,4,1,,,6,,,
10052,ヴォンゴレ・ビアンコ,ｳﾞｫﾝｺﾞﾚ・ﾋﾞｱﾝｺ,3,4,1,,,7,,,
10053,ヴォンゴレ・ロッソ,ｳﾞｫﾝｺﾞﾚ・ﾛｯｿ,3,4,1,,,8,,,
10054,ペスカトーレ,ﾍﾟｽｶﾄｰﾚ,3,4,1,,,9,,,
10055,ペペロンチーノ,ﾍﾟﾍﾟﾛﾝﾁｰﾉ,3,4,1,,,10,,,
10056,ジェノヴェーゼ,ｼﾞｪﾉﾍﾞｰｾﾞ,3,4,1,,,11,,,
10057,アラビアータ,ｱﾗﾋﾞｱｰﾀ,3,4,1,,,12,,,
10058,明太子スパゲッティ,ﾒﾝﾀｲｺｽﾊﾟｹﾞｯﾃｨ,3,4,1,,,13,,,
10059,和風きのこスパゲッティ,ﾜﾌｳｷﾉｺｽﾊﾟｹﾞｯﾃｨ,3,4,1,,,14,,,
10060,ホワイトソースとカラスミのラビオリ,ﾎﾜｲﾄｿｰｽﾄｶﾗｽﾐﾉﾗﾋﾞｵﾘ,3,4,1,,,15,,,
10061,トマトソースのニョッキ,ﾄﾏﾄｿｰｽﾉﾆｮｯｷ,3,4,1,,,16,,,
10062,ホワイトアスパラのニョッキ,ﾎﾜｲﾄｱｽﾊﾟﾗﾉﾆｮｯｷ,3,4,1,,,17,,,
10063,ほうれん草とリコッタチーズのカネロニ,ﾎｳﾚﾝｿｳﾄﾘｺｯﾀﾁｰｽﾞﾉｶﾈﾛﾆ,3,4,1,,,18,,,
10360,ホットコーヒー,ﾎｯﾄｺｰﾋｰ,4,1,1,,,1,,,
10361,アイスコーヒー,ｱｲｽｺｰﾋｰ,4,1,1,,,2,,,
10362,カフェオレ（H/I）,ｶﾌｪｵﾚ(H/I),4,1,1,,,3,,,
10363,カプチーノ（H/I）,ｶﾌﾟﾁｰﾉ(H/I),4,1,1,,,4,,,
10364,紅茶,ｺｳﾁｬ,4,1,1,,,5,,,
10365,アイスティー,ｱｲｽﾃｨｰ,4,1,1,,,6,,,
10366,アップルティー（H/I）,ｱｯﾌﾟﾙﾃｨｰ(H/I),4,1,1,,,7,,,
10367,ロイヤルミルクティー（H/I）,ﾛｲﾔﾙﾐﾙｸﾃｨｰ(H/I),4,1,1,,,8,,,
10368,エスプレッソ,ｴｽﾌﾟﾚｯｿ,4,1,1,,,9,,,
10370,オレンジジュース,ｵﾚﾝｼﾞｼﾞｭｰｽ,4,1,1,,,10,,,
10371,アップルジュース,ｱｯﾌﾟﾙｼﾞｭｰｽ,4,1,1,,,11,,,
10372,ミックスジュース,ﾐｯｸｽｼﾞｭｰｽ,4,1,1,,,12,,,
10373,トマトジュース,ﾄﾏﾄｼﾞｭｰｽ,4,1,1,,,13,,,
10375,クラブソーダ,ｸﾗﾌﾞｿｰﾀﾞ,4,1,1,,,14,,,
10376,コーラ,ｺｰﾗｰ,4,1,1,,,15,,,
10377,ウーロン茶,ｳｰﾛﾝﾁｬ,4,1,1,,,16,,,
10378,ミネラルウォーター,ﾐﾈﾗﾙｳｫｰﾀｰ,4,1,1,,,17,,,
10379,トニックウォーター,ﾄﾆｯｸｳｫｰﾀｰ,4,1,1,,,18,,,
10250,生ビール（中）,ﾅﾏﾋﾞｰﾙ(ﾁｭｳ),4,2,1,,,1,,,
10251,生ビール（大）,ﾅﾏﾋﾞｰﾙ(ﾀﾞｲ),4,2,1,,,2,,,
10252,生ビール（グラス）,ﾅﾏﾋﾞｰﾙ(ｸﾞﾗｽ),4,2,1,,,3,,,
10254,キリンラガー（大瓶）,ｷﾘﾝﾗｶﾞｰ(ﾀﾞｲﾋﾞﾝ),4,2,1,,,4,,,
10255,キリンラガー（中瓶）,ｷﾘﾝﾗｶﾞｰ(ﾁｭｳﾋﾞﾝ),4,2,1,,,5,,,
10256,プレミアムモルツ（大瓶）,ﾌﾟﾚﾐｱﾑﾓﾙﾂ(ﾀﾞｲﾋﾞﾝ),4,2,1,,,6,,,
10257,プレミアムモルツ（中瓶）,ﾌﾟﾚﾐｱﾑﾓﾙﾂ(ﾁｭｳﾋﾞﾝ),4,2,1,,,7,,,
10258,スーパードライ（大瓶）,ｽｰﾊﾟｰﾄﾞﾗｲ(ﾀﾞｲﾋﾞﾝ),4,2,1,,,8,,,
10259,スーパードライ（中瓶）,ｽｰﾊﾟｰﾄﾞﾗｲ(ﾁｭｳﾋﾞﾝ),4,2,1,,,9,,,
10270,芋焼酎,ｲﾓｼｮｳﾁｭｳ,4,3,1,,,1,,,
10271,麦焼酎,ﾑｷﾞｼｮｳﾁｭｳ,4,3,1,,,2,,,
10272,伊佐美,ｲｻﾐ,4,3,1,,,3,,,
10273,森伊蔵,ﾓﾘｲｿﾞｳ,4,3,1,入手が困難なことで有名な鹿児島の芋焼酎です。1杯3千円が相場です。一升瓶で3万円以上で取引されます。この値段なら飲まなきゃそん！,,4,,,
10274,れんと,ﾚﾝﾄ,4,3,1,奄美の黒糖焼酎です。,,5,,,
10275,鍛高譚,ﾀﾝﾀｶﾀﾝ,4,3,1,北海道のしそで作った焼酎です。,,6,,,
10276,山ねこ,ﾔﾏﾈｺ,4,3,1,,,7,,,
10277,黒霧島,ｸﾛｷﾘｼﾏ,4,3,1,,,8,,,
10278,赤霧島,ｱｶｷﾘｼﾏ,4,3,1,,,9,,,
10279,魔王,ﾏｵｳ,4,3,1,,,10,,,
10280,黒霧島ボトル,ｸﾛｷﾘｼﾏﾎﾞﾄﾙ,4,3,1,,,11,,,
10281,赤霧島ボトル,ｱｶｷﾘｼﾏﾎﾞﾄﾙ,4,3,1,,,12,,,
10282,いいちこボトル,ｲｲﾁｺﾎﾞﾄﾙ,4,3,1,,,13,,,
10283,神の河ボトル,ｶﾝﾉｺﾎﾞﾄﾙ,4,3,1,,,14,,,
10290,日本酒（冷酒・１合）,ﾆﾎﾝｼｭ(ﾚｲｼｭ･1ｺﾞｳ),4,4,1,,,1,,,
10291,日本酒（冷酒・４合）,ﾆﾎﾝｼｭ(ﾚｲｼｭ・4ｺﾞｳ),4,4,1,,,2,,,
10292,日本酒（熱燗・１合）,ﾆﾎﾝｼｭ(ｱﾂｶﾝ・1ｺﾞｳ),4,4,1,,,3,,,
10293,日本酒（熱燗・２合）,ﾆﾎﾝｼｭ(ｱﾂｶﾝ･2ｺﾞｳ),4,4,1,,,4,,,
10294,上善如水,ｼﾞｮｳｾﾞﾝﾐｽﾞﾉｺﾞﾄｼ,4,4,1,すっきりと飲みやすく日本酒がはじめてという方にもオススメできるかもしれません。純米吟醸（日本酒度＋５）,,5,,,
10295,獺祭,ﾀﾞｯｻｲ,4,4,1,大人気！抑え目な美しい香りがあり、味に厚みと奥行があります。たこわさ、いたわさ、からすみを肴にｵｽｽﾒです。（日本酒度＋４）,,6,,,
10296,八海山,ﾊｯｶｲｻﾝ,4,4,1,スッキリと飲み飽きない味わいです。（日本酒度＋４）,,7,,,
10297,浦霞,ｳﾗｶﾞｽﾐ,4,4,1,宮城県の日本酒。辛口で淡麗な味わいが特徴（日本酒度＋２）,,8,,,
10298,久保田（千寿）,ｸﾎﾞﾀ(ｾﾝｼﾞｭ),4,4,1,,,9,,,
10299,磯自慢,ｲｿｼﾞﾏﾝ,4,4,1,洞爺湖サミットでも出された静岡の地酒です。切れのある辛口が人気です。吟醸（日本酒度＋６．５）,,10,,,
10300,十四代,ｼﾞｭｳﾖﾝﾀﾞｲ,4,4,1,,,11,,,
10310,ウイスキー（S）,ｳｲｽｷｰ(S),4,5,1,,,1,,,
10311,ウイスキー（W),ｳｲｽｷｰ(W),4,5,1,,,2,,,
10312,グレンフィディック12年,ｸﾞﾚﾝﾌｨﾃﾞｨｯｸ12ﾈﾝ,4,5,1,,,3,,,
10313,カナディアンクラブ,ｶﾅﾃﾞｨｱﾝｸﾗﾌﾞ,4,5,1,ｳｲｽｷｰ特有の香りがちょっと苦手な方にも楽しんでいただきやすいすっきりとした味わいのｳｲｽｷｰです。炭酸でわっていただくのも良し、そこにレモンを入れていただく飲み方もオススメです。,,4,,,
10314,バランタイン,ﾊﾞﾗﾝﾀｲﾝ12ﾈﾝ,4,5,1,,,5,,,
10315,余市,ﾖｲﾁ,4,5,1,,,6,,,
10316,白州12年,ﾊｸｼｭｳ12ﾈﾝ,4,5,1,,,7,,,
10317,ジンビーム,ｼﾞﾝﾋﾞｰﾑ,4,5,1,,,8,,,
10318,山崎12年,ﾔﾏｻﾞｷ12ﾈﾝ,4,5,1,,,9,,,
10319,フォアローゼス40度,ﾌｫｱﾛｰｾﾞｽ40ﾈﾝ,4,5,1,,,10,,,
10320,ジョニーウォーカー（黒ラベル）,ｼﾞｮﾆｰｳｫｰｶｰ(ｸﾛﾗﾍﾞﾙ),4,5,1,ジョニクロの通称で人気のあるウイスキーです。,,11,,,
10321,ジョニーウォーカー（青ラベル）,ｼﾞｮﾆｰｳｫｰｶｰ(ｱｵﾗﾍﾞﾙ),4,5,1,,,12,,,
10323,ジンビームボトル,ｼﾞﾑﾋﾞｰﾑﾎﾞﾄﾙ,4,5,1,,,13,,,
10324,山崎12年ボトル,ﾔﾏｻﾞｷ12ﾈﾝﾎﾞﾄﾙ,4,5,1,,,14,,,
10325,ジョニーウォーカー（黒ラベル）ボトル,ｼﾞｮﾆｰｳｫｰｶｰ(ｸﾛﾗﾍﾞﾙ)ﾎﾞﾄﾙ,4,5,1,,,15,,,
10326,ジョニーウォーカー（青ラベル）ボトル,ｼﾞｮﾆｰｳｫｰｶｰ(ｱｵﾗﾍﾞﾙ)ﾎﾞﾄﾙ,4,5,1,,,16,,,
10330,ハウスワイン,ﾊｳｽﾜｲﾝ,4,6,1,,,1,,,
10331,ハウスワインデキャンタ,ﾊｳｽﾜｲﾝﾃﾞｷｬﾝﾀ,4,6,1,,,2,,,
10332,ハウスワインボトル,ﾊｳｽﾜｲﾝﾎﾞﾄﾙ,4,6,1,,,3,,,
10333,ビン389・カベルネ・シラーズ　ボトル,ﾋﾞﾝ389ｶﾍﾞﾙﾈｼﾗｰｽﾞﾎﾞﾄﾙ,4,6,1,ラムや牛肉などを使った、ボリューム感たっぷりな お肉料理と相性抜群のオーストラリアの赤ワイン。ラムチョップやステーキ、チーズ盛り合わせと共にオススメ。,,4,,,
10334,ヤッターナ･シャルドネ　ボトル,ﾔｯﾀｰﾅｼｬﾙﾄﾞﾈﾎﾞﾄﾙ,4,6,1,南半球最高の辛口白ワインと呼ばれるオーストラリアの白ワイン。日本食にも合います。,,5,,,
10335,ラインガウ・リースリング・トロッケン・カビネット　ボトル,ﾗｲﾝｶﾞｳﾘｰｽﾘﾝｸﾞﾄﾛｯｹﾝｶﾋﾞﾈｯﾄﾎﾞﾄﾙ,4,6,1,ドイツ5大畑の名を冠する、リースリングに特化した歴史あるワイナリー。リースリング特有の優しい味わいが広がる白ワイン。パスタにも良く合います。,,6,,,
10336,モンテス・アルファ・ピノ・ノワール　ボトル,ﾓﾝﾃｽｱﾙﾌｧﾋﾟﾉﾉﾜｰﾙﾎﾞﾄﾙ,4,6,1,エアラインにも採用されているチリの赤ワイン。焼き鳥のタレや串揚げ、ガーリックトーストなどと一緒にバル気分で･･･,,7,,,
10347,ジントニック,ｼﾞﾝﾄﾆｯｸ,4,7,1,,,1,,,
10348,ジンライム,ｼﾞﾝﾗｲﾑ,4,7,1,,,2,,,
10349,カミカゼ,ｶﾐｶｾﾞ,4,7,1,,,3,,,
10350,キューバリブレ,ｷｭｰﾊﾞﾘﾌﾞﾚ,4,7,1,,,4,,,
10351,ウォッカトニック,ｳｫｯｶﾄﾆｯｸ,4,7,1,,,5,,,
10352,カシスオレンジ,ｶｼｽｵﾚﾝｼﾞ,4,7,1,,,6,,,
10353,カシスソーダ,ｶｼｽｿｰﾀﾞ,4,7,1,,,7,,,
10340,酎ハイ,ﾁｭｳﾊｲ,4,8,1,,,1,,,
10341,ハイボール,ﾊｲﾎﾞｰﾙ,4,8,1,,,2,,,
10342,ホッピーセット,ﾎｯﾋﾟｰｾｯﾄ,4,8,1,,,3,,,
10343,ホッピー（黒）セット,ﾎｯﾋﾟｰ(ｸﾛ)ｾｯﾄ,4,8,1,,,4,,,
10344,ホッピー（中）,ﾎｯﾋﾟｰ(ﾅｶ),4,8,1,,,5,,,
10345,ホッピー（外）,ﾎｯﾋﾟｰ(ｿﾄ),4,8,1,,,6,,,
10346,ホッピー（黒・外）,ﾎｯﾋﾟｰ(ｸﾛｿﾄ),4,8,1,,,7,,,
10323,ジンビームボトル,ｼﾞﾑﾋﾞｰﾑﾎﾞﾄﾙ,4,9,1,,,1,,,
10324,山崎12年ボトル,ﾔﾏｻﾞｷ12ﾈﾝﾎﾞﾄﾙ,4,9,1,,,2,,,
10325,ジョニーウォーカー（黒ラベル）ボトル,ｼﾞｮﾆｰｳｫｰｶｰ(ｸﾛﾗﾍﾞﾙ)ﾎﾞﾄﾙ,4,9,1,,,3,,,
10326,ジョニーウォーカー（青ラベル）ボトル,ｼﾞｮﾆｰｳｫｰｶｰ(ｱｵﾗﾍﾞﾙ)ﾎﾞﾄﾙ,4,9,1,,,4,,,
10332,ハウスワインボトル,ﾊｳｽﾜｲﾝﾎﾞﾄﾙ,4,9,1,,,5,,,
10333,ビン389・カベルネ・シラーズ　ボトル,ﾋﾞﾝ389ｶﾍﾞﾙﾈｼﾗｰｽﾞﾎﾞﾄﾙ,4,9,1,ラムや牛肉などを使った、ボリューム感たっぷりな お肉料理と相性抜群のオーストラリアの赤ワイン。ラムチョップやステーキ、チーズ盛り合わせと共にオススメ。,,6,,,
10334,ヤッターナ･シャルドネ　ボトル,ﾔｯﾀｰﾅｼｬﾙﾄﾞﾈﾎﾞﾄﾙ,4,9,1,南半球最高の辛口白ワインと呼ばれるオーストラリアの白ワイン。日本食にも合います。,,7,,,
10335,ラインガウ・リースリング・トロッケン・カビネット　ボトル,ﾗｲﾝｶﾞｳﾘｰｽﾘﾝｸﾞﾄﾛｯｹﾝｶﾋﾞﾈｯﾄﾎﾞﾄﾙ,4,9,1,ドイツ5大畑の名を冠する、リースリングに特化した歴史あるワイナリー。リースリング特有の優しい味わいが広がる白ワイン。パスタにも良く合います。,,8,,,
10336,モンテス・アルファ・ピノ・ノワール　ボトル,ﾓﾝﾃｽｱﾙﾌｧﾋﾟﾉﾉﾜｰﾙﾎﾞﾄﾙ,4,9,1,エアラインにも採用されているチリの赤ワイン。焼き鳥のタレや串揚げ、ガーリックトーストなどと一緒にバル気分で･･･,,9,,,
10170,ソーセージ盛り合わせ,ｿｰｾｰｼﾞﾓﾘｱﾜｾ,5,1,1,,,1,,,
10192,焼き鳥盛り合わせ（5本）,ﾔｷﾄﾘﾓﾘｱﾜｾ(5ﾎﾝ),5,1,1,,,2,,,
10193,焼き鳥盛り合わせ（10本）,ﾔｷﾄﾘﾓﾘｱﾜｾ(10ﾎﾝ),5,1,1,,,3,,,
10194,串揚げ盛り合わせ（5本）,ｸｼｱｹﾞﾓﾘｱﾜｾ(5ﾎﾝ),5,1,1,,,4,,,
10195,串揚げ盛り合わせ（10本）,ｸｼｱｹﾞﾓﾘｱﾜｾ(10ﾎﾝ),5,1,1,,,5,,,
10197,厚切りベーコン,ｱﾂｷﾞﾘﾍﾞｰｺﾝ,5,1,1,,,6,,,
10198,生ハム,ﾅﾏﾊﾑ,5,1,1,,,7,,,
10172,たこわさ,ﾀｺﾜｻ,5,2,1,,,1,,,
10173,いたわさ,ｲﾀﾜｻ,5,2,1,かまぼこのことです。,,2,,,
10174,磯辺揚げ,ｲｿﾍﾞｱｹﾞ,5,2,1,,,3,,,
10180,イカリング,ｲｶﾘﾝｸﾞ,5,2,1,,,4,,,
10181,蛸天,ﾀｺﾃﾝ,5,2,1,,,5,,,
10182,カキフライ,ｶｷﾌﾗｲ,5,2,1,,,6,,,
10185,からすみ,ｶﾗｽﾐ,5,2,1,本からすみ。薄切りの大根と共に提供させていただきます。ボラの卵巣を塩漬け、塩抜き、乾燥させたもので、三大珍味の一つです。（越前のうに、三河のこのわた、肥前のからすみ）,,7,,,
10189,フィッシュ＆チップス,ﾌｨｯｼｭｱﾝﾄﾞﾁｯﾌﾟｽ,5,2,1,,,8,,,
10160,シーザーサラダ,ｼｰｻﾞｰｻﾗﾀﾞ,5,3,1,,,1,,,
10161,スモークサーモンサラダ,ｽﾓｰｸｻｰﾓﾝｻﾗﾀﾞ,5,3,1,,,2,,,
10162,豆腐サラダ,ﾄｳﾌｻﾗﾀﾞ,5,3,1,,,3,,,
10163,コールスローサラダ,ｺｰﾙｽﾛｰｻﾗﾀﾞ,5,3,1,,,4,,,
10164,海草サラダ,ｶｲｿｳｻﾗﾀﾞ,5,3,1,,,5,,,
10165,シュリンプサラダ,ｼｭﾘﾝﾌﾟｻﾗﾀﾞ,5,3,1,,,6,,,
10171,ピクルス盛り合わせ,ﾋﾟｸﾙｽﾓﾘｱﾜｾ,5,4,1,,,1,,,
10175,チーズ盛り合わせ,ﾁｰｽﾞﾓﾘｱﾜｾ,5,4,1,,,2,,,
10176,ナッツ盛り合わせ,ﾅｯﾂﾓﾘｱﾜｾ,5,4,1,,,3,,,
10177,フライ盛り合わせ,ﾌﾗｲﾓﾘｱﾜｾ,5,4,1,,,4,,,
10178,オードブル盛り合わせ,ｵｰﾄﾞﾌﾞﾙﾓﾘｱﾜｾ,5,4,1,,,5,,,
10179,オニオンリング,ｵﾆｵﾝﾘﾝｸﾞ,5,4,1,,,6,,,
10183,大盛りポテトフライ,ｵｵﾓﾘﾎﾟﾃﾄﾌﾗｲ,5,4,1,通常の3倍！（450グラム、通常は150グラムです）,,7,,,
10184,ポテトフライ,ﾎﾟﾃﾄﾌﾗｲ,5,4,1,,,8,,,
10186,リンゴ＆ゴルゴンゾーラのメイプルシロップ添え,ﾘﾝｺﾞｱﾝﾄﾞｺﾞﾙｺﾞﾝｿﾞｰﾗﾉﾒｲﾌﾟﾙｼﾛｯﾌﾟｿﾞｴ,5,4,1,,,9,,,
10601,コンペ料理A,コンペ料理A,6,0,1,,,1,,,
10602,コンペ料理B,コンペ料理B,6,0,1,,,2,,,
10603,コンペ料理C,コンペ料理C,6,0,1,,,3,,,
10603,コンペ料理個人,コンペ料理個人,6,0,1,,,4,,,
10400,ハムエッグ朝食セット,ハムエッグ朝食セット,7,0,1,ハムエッグとサラダのセットです。,,1,,,
10401,ベーコンエッグ朝食セット,ベーコンエッグ朝食セット,7,0,1,ベーコンエッグとサラダのセットです。ベーコンエッグはスクランブルエッグとグリルベーコンに変更可能です。,,2,,,
10402,オムレツ朝食セット,オムレツ朝食セット,7,0,1,お好みのオムレツとサラダのセットです。,,3,,,
10403,トーストセット,トーストセット,7,0,1,トーストとゆで卵、ドリンクのシンプルなセットです。,,4,,,
10404,朝粥セット,朝粥セット,7,0,1,朝粥に中国風揚げパン・サラダ・漬物のセットです。温かいジャスミンティーが付きます。,,5,,,
10405,おにぎりセット,おにぎりセット,7,0,1,おにぎり（鮭と梅干）2つに味噌汁のセットです。緑茶が付きます。,,6,,,
10406,和朝食,和朝食,7,0,1,ご飯、味噌汁、塩鮭、煮物、生卵または納豆、漬物のセットです。緑茶が付きます。,,7,,,
10225,デザートセットドリンク,ﾃﾞｻﾞｰﾄｾｯﾄﾄﾞﾘﾝｸ,8,0,1,,,1,,,
10200,アイスクリーム,ｱｲｽｸﾘｰﾑ,8,0,1,,,2,,,
10201,特製杏仁豆腐,ﾄｸｾｲｱﾝﾆﾝﾄﾞｳﾌ,8,0,1,,,3,,,
10202,自家製焼きプリン,ｼﾞｶｾｲﾔｷﾌﾟﾘﾝ,8,0,1,毎日朝に手作りした焼プリンを冷たく冷やして提供させていただいております。なくなり次第終了です。,,4,,,
10203,パンケーキ,ﾊﾟﾝｹｰｷ,8,0,1,シンプルなパンケーキに溶かしバター、お好みで蜂蜜をかけて,,5,,,
10204,フルーツパンケーキ,ﾌﾙｰﾂﾊﾟﾝｹｰｷ,8,0,1,メインのフルーツを中心に3種以上のフルーツとホイップクリームでお召し上がりいただきます。,今日のメインフルーツはマンゴです,6,,,
10205,カナダのパンケーキ,ｶﾅﾀﾞﾉﾊﾟﾝｹｰｷ,8,0,1,熱々のパンケーキに溶かしバターとブルーベリー、カナダ産のメイプルシロップをたっぷりかけてお召し上がりいただきます。,,7,,,
10206,ガトーショコラ,ｶﾞﾄｰｼｮｺﾗ,8,0,1,,,8,,,
10207,ティラミス,ﾃｨﾗﾐｽ,8,0,1,お持ち帰りは出来ません。,,9,,,
10208,ジェラート,ｼﾞｪﾗｰﾄ,8,0,1,2種（バニラ・ストロベリー）のジェラートの盛り合わせです。,,10,,,
10209,パンナコッタ,ﾊﾟﾝﾅｺｯﾀ,8,0,1,,,11,,,
10210,バニラアイスとビスコッティ,ﾊﾞﾆﾗｱｲｽﾄﾋﾞｽｺｯﾃｨ,8,0,1,,,12,,,
10211,ズコット,ｽﾞｺｯﾄ,8,0,1,,,13,,,
10212,あんみつ,ｱﾝﾐﾂ,8,0,1,,,14,,,
10213,ぜんざい,ｾﾞﾝｻﾞｲ,8,0,1,,,15,,,
10214,みたらし団子,ﾐﾀﾗｼﾀﾞﾝｺﾞ,8,0,1,,,16,,,
10215,自家製おはぎ,ｵﾊｷﾞ,8,0,1,自家製のおはぎです。お土産にもｵｽｽﾒしてください。,,17,,,
10216,自家製苺大福,ｼﾞｶｾｲｲﾁｺﾞﾀﾞｲﾌｸ,8,0,1,季節限定・数量限定です。土産の場合は必ず予約で数を押さえ現物で残数管理をしてください。,,18,,,
10217,自家製よもぎ団子,ﾖﾓｷﾞﾀﾞﾝｺﾞ,8,0,1,,,19,,,
10360,ホットコーヒー,ﾎｯﾄｺｰﾋｰ,9,1,1,,,1,,,
10361,アイスコーヒー,ｱｲｽｺｰﾋｰ,9,1,1,,,2,,,
10362,カフェオレ（H/I）,ｶﾌｪｵﾚ(H/I),9,1,1,,,3,,,
10363,カプチーノ（H/I）,ｶﾌﾟﾁｰﾉ(H/I),9,1,1,,,4,,,
10364,紅茶,ｺｳﾁｬ,9,1,1,,,5,,,
10365,アイスティー,ｱｲｽﾃｨｰ,9,1,1,,,6,,,
10366,アップルティー（H/I）,ｱｯﾌﾟﾙﾃｨｰ(H/I),9,1,1,,,7,,,
10367,ロイヤルミルクティー（H/I）,ﾛｲﾔﾙﾐﾙｸﾃｨｰ(H/I),9,1,1,,,8,,,
10368,エスプレッソ,ｴｽﾌﾟﾚｯｿ,9,1,1,,,9,,,
10370,オレンジジュース,ｵﾚﾝｼﾞｼﾞｭｰｽ,9,1,1,,,10,,,
10371,アップルジュース,ｱｯﾌﾟﾙｼﾞｭｰｽ,9,1,1,,,11,,,
10372,ミックスジュース,ﾐｯｸｽｼﾞｭｰｽ,9,1,1,,,12,,,
10373,トマトジュース,ﾄﾏﾄｼﾞｭｰｽ,9,1,1,,,13,,,
10375,クラブソーダ,ｸﾗﾌﾞｿｰﾀﾞ,9,1,1,,,14,,,
10376,コーラ,ｺｰﾗｰ,9,1,1,,,15,,,
10377,ウーロン茶,ｳｰﾛﾝﾁｬ,9,1,1,,,16,,,
10378,ミネラルウォーター,ﾐﾈﾗﾙｳｫｰﾀｰ,9,1,1,,,17,,,
10379,トニックウォーター,ﾄﾆｯｸｳｫｰﾀｰ,9,1,1,,,18,,,
10250,生ビール（中）,ﾅﾏﾋﾞｰﾙ(ﾁｭｳ),9,2,1,,,1,,,
10251,生ビール（大）,ﾅﾏﾋﾞｰﾙ(ﾀﾞｲ),9,2,1,,,2,,,
10252,生ビール（グラス）,ﾅﾏﾋﾞｰﾙ(ｸﾞﾗｽ),9,2,1,,,3,,,
10254,キリンラガー（大瓶）,ｷﾘﾝﾗｶﾞｰ(ﾀﾞｲﾋﾞﾝ),9,2,1,,,4,,,
10255,キリンラガー（中瓶）,ｷﾘﾝﾗｶﾞｰ(ﾁｭｳﾋﾞﾝ),9,2,1,,,5,,,
10256,プレミアムモルツ（大瓶）,ﾌﾟﾚﾐｱﾑﾓﾙﾂ(ﾀﾞｲﾋﾞﾝ),9,2,1,,,6,,,
10257,プレミアムモルツ（中瓶）,ﾌﾟﾚﾐｱﾑﾓﾙﾂ(ﾁｭｳﾋﾞﾝ),9,2,1,,,7,,,
10258,スーパードライ（大瓶）,ｽｰﾊﾟｰﾄﾞﾗｲ(ﾀﾞｲﾋﾞﾝ),9,2,1,,,8,,,
10259,スーパードライ（中瓶）,ｽｰﾊﾟｰﾄﾞﾗｲ(ﾁｭｳﾋﾞﾝ),9,2,1,,,9,,,
10310,ウイスキー（S）,ｳｲｽｷｰ(S),9,2,1,,,10,,,
10311,ウイスキー（W),ｳｲｽｷｰ(W),9,2,1,,,11,,,
10312,グレンフィディック12年,ｸﾞﾚﾝﾌｨﾃﾞｨｯｸ12ﾈﾝ,9,2,1,,,12,,,
10313,カナディアンクラブ,ｶﾅﾃﾞｨｱﾝｸﾗﾌﾞ,9,2,1,ｳｲｽｷｰ特有の香りがちょっと苦手な方にも楽しんでいただきやすいすっきりとした味わいのｳｲｽｷｰです。炭酸でわっていただくのも良し、そこにレモンを入れていただく飲み方もオススメです。,,13,,,
10314,バランタイン,ﾊﾞﾗﾝﾀｲﾝ12ﾈﾝ,9,2,1,,,14,,,
10315,余市,ﾖｲﾁ,9,2,1,,,15,,,
10316,白州12年,ﾊｸｼｭｳ12ﾈﾝ,9,2,1,,,16,,,
10317,ジンビーム,ｼﾞﾝﾋﾞｰﾑ,9,2,1,,,17,,,
10318,山崎12年,ﾔﾏｻﾞｷ12ﾈﾝ,9,2,1,,,18,,,
10319,フォアローゼス40度,ﾌｫｱﾛｰｾﾞｽ40ﾈﾝ,9,2,1,,,19,,,
10320,ジョニーウォーカー（黒ラベル）,ｼﾞｮﾆｰｳｫｰｶｰ(ｸﾛﾗﾍﾞﾙ),9,2,1,ジョニクロの通称で人気のあるウイスキーです。,,20,,,
10321,ジョニーウォーカー（青ラベル）,ｼﾞｮﾆｰｳｫｰｶｰ(ｱｵﾗﾍﾞﾙ),9,2,1,,,21,,,
10170,ソーセージ盛り合わせ,ｿｰｾｰｼﾞﾓﾘｱﾜｾ,9,3,1,,,1,,,
10171,ピクルス盛り合わせ,ﾋﾟｸﾙｽﾓﾘｱﾜｾ,9,3,1,,,2,,,
10175,チーズ盛り合わせ,ﾁｰｽﾞﾓﾘｱﾜｾ,9,3,1,,,3,,,
10176,ナッツ盛り合わせ,ﾅｯﾂﾓﾘｱﾜｾ,9,3,1,,,4,,,
10177,フライ盛り合わせ,ﾌﾗｲﾓﾘｱﾜｾ,9,3,1,,,5,,,
10187,ガーリックトースト,ｶﾞｰﾘｯｸﾄｰｽﾄ,9,3,1,,,6,,,
10188,ピザマルガリータ,ﾋﾟｻﾞﾏﾙｶﾞﾘｰﾀ,9,3,1,,,7,,,
10189,フィッシュ＆チップス,ﾌｨｯｼｭｱﾝﾄﾞﾁｯﾌﾟｽ,9,3,1,,,8,,,
10200,アイスクリーム,ｱｲｽｸﾘｰﾑ,9,4,1,,,1,,,
10201,特製杏仁豆腐,ﾄｸｾｲｱﾝﾆﾝﾄﾞｳﾌ,9,4,1,,,2,,,
10202,自家製焼きプリン,ｼﾞｶｾｲﾔｷﾌﾟﾘﾝ,9,4,1,毎日朝に手作りした焼プリンを冷たく冷やして提供させていただいております。なくなり次第終了です。,,3,,,
10203,パンケーキ,ﾊﾟﾝｹｰｷ,9,4,1,シンプルなパンケーキに溶かしバター、お好みで蜂蜜をかけて,,4,,,
10204,フルーツパンケーキ,ﾌﾙｰﾂﾊﾟﾝｹｰｷ,9,4,1,メインのフルーツを中心に3種以上のフルーツとホイップクリームでお召し上がりいただきます。,今日のメインフルーツはマンゴです,5,,,
10205,カナダのパンケーキ,ｶﾅﾀﾞﾉﾊﾟﾝｹｰｷ,9,4,1,熱々のパンケーキに溶かしバターとブルーベリー、カナダ産のメイプルシロップをたっぷりかけてお召し上がりいただきます。,,6,,,
10206,ガトーショコラ,ｶﾞﾄｰｼｮｺﾗ,9,4,1,,,7,,,
10207,ティラミス,ﾃｨﾗﾐｽ,9,4,1,お持ち帰りは出来ません。,,8,,,
10208,ジェラート,ｼﾞｪﾗｰﾄ,9,4,1,2種（バニラ・ストロベリー）のジェラートの盛り合わせです。,,9,,,
10209,パンナコッタ,ﾊﾟﾝﾅｺｯﾀ,9,4,1,,,10,,,
10210,バニラアイスとビスコッティ,ﾊﾞﾆﾗｱｲｽﾄﾋﾞｽｺｯﾃｨ,9,4,1,,,11,,,
10211,ズコット,ｽﾞｺｯﾄ,9,4,1,,,12,,,
10225,デザートセットドリンク,ﾃﾞｻﾞｰﾄｾｯﾄﾄﾞﾘﾝｸ,9,4,1,,,13,,,
10170,ソーセージ盛り合わせ,ｿｰｾｰｼﾞﾓﾘｱﾜｾ,10,1,1,,,1,,,
10192,焼き鳥盛り合わせ（5本）,ﾔｷﾄﾘﾓﾘｱﾜｾ(5ﾎﾝ),10,1,1,,,2,,,
10193,焼き鳥盛り合わせ（10本）,ﾔｷﾄﾘﾓﾘｱﾜｾ(10ﾎﾝ),10,1,1,,,3,,,
10194,串揚げ盛り合わせ（5本）,ｸｼｱｹﾞﾓﾘｱﾜｾ(5ﾎﾝ),10,1,1,,,4,,,
10195,串揚げ盛り合わせ（10本）,ｸｼｱｹﾞﾓﾘｱﾜｾ(10ﾎﾝ),10,1,1,,,5,,,
10197,厚切りベーコン,ｱﾂｷﾞﾘﾍﾞｰｺﾝ,10,1,1,,,6,,,
10198,生ハム,ﾅﾏﾊﾑ,10,1,1,,,7,,,
10172,たこわさ,ﾀｺﾜｻ,10,2,1,,,1,,,
10173,いたわさ,ｲﾀﾜｻ,10,2,1,かまぼこのことです。,,2,,,
10174,磯辺揚げ,ｲｿﾍﾞｱｹﾞ,10,2,1,,,3,,,
10180,イカリング,ｲｶﾘﾝｸﾞ,10,2,1,,,4,,,
10181,蛸天,ﾀｺﾃﾝ,10,2,1,,,5,,,
10182,カキフライ,ｶｷﾌﾗｲ,10,2,1,,,6,,,
10185,からすみ,ｶﾗｽﾐ,10,2,1,本からすみ。薄切りの大根と共に提供させていただきます。ボラの卵巣を塩漬け、塩抜き、乾燥させたもので、三大珍味の一つです。（越前のうに、三河のこのわた、肥前のからすみ）,,7,,,
10177,フライ盛り合わせ,ﾌﾗｲﾓﾘｱﾜｾ,10,3,1,,,1,,,
10179,オニオンリング,ｵﾆｵﾝﾘﾝｸﾞ,10,3,1,,,2,,,
10184,ポテトフライ,ﾎﾟﾃﾄﾌﾗｲ,10,3,1,,,3,,,
10183,大盛りポテトフライ,ｵｵﾓﾘﾎﾟﾃﾄﾌﾗｲ,10,3,1,通常の3倍！（450グラム、通常は150グラムです）,,4,,,
10189,フィッシュ＆チップス,ﾌｨｯｼｭｱﾝﾄﾞﾁｯﾌﾟｽ,10,3,1,,,5,,,
10199,鶏唐揚げ,鶏唐揚げ,10,3,1,,,6,,,
10171,ピクルス盛り合わせ,ﾋﾟｸﾙｽﾓﾘｱﾜｾ,10,4,1,,,1,,,
10175,チーズ盛り合わせ,ﾁｰｽﾞﾓﾘｱﾜｾ,10,4,1,,,2,,,
10176,ナッツ盛り合わせ,ﾅｯﾂﾓﾘｱﾜｾ,10,4,1,,,3,,,
10092,おつまみセット,おつまみセット,10,4,1,,,4,,,
10218,お土産プリン,お土産プリン,11,0,1,,,1,,,
10214,みたらし団子,ﾐﾀﾗｼﾀﾞﾝｺﾞ,11,0,1,,,2,,,
10215,自家製おはぎ,ｵﾊｷﾞ,11,0,1,自家製のおはぎです。お土産にもｵｽｽﾒしてください。,,3,,,
10216,自家製苺大福,ｼﾞｶｾｲｲﾁｺﾞﾀﾞｲﾌｸ,11,0,1,季節限定・数量限定です。土産の場合は必ず予約で数を押さえ現物で残数管理をしてください。,,4,,,
10217,自家製よもぎ団子,ﾖﾓｷﾞﾀﾞﾝｺﾞ,11,0,1,,,5,,,
10900,値引き（-300円),ﾈﾋﾞｷ(-300ｴﾝ),12,0,1,,,1,,,
10901,値引き（-500円),ﾈﾋﾞｷ(-500ｴﾝ),12,0,1,,,2,,,
10902,値引き（-1000円),ﾈﾋﾞｷ(-1000ｴﾝ),12,0,1,,,3,,,
10903,値引き（-1500円),ﾈﾋﾞｷ(-1500ｴﾝ),12,0,1,,,4,,,
10911,レストランご飲食,ﾚｽﾄﾗﾝｺﾞｲﾝｼｮｸ,12,0,1,,,6,,,
10912,飲物代値引き,ﾉﾐﾓﾉﾀﾞｲﾈﾋﾞｷ,12,0,1,,,7,,,
