1,68,2,10654,ﾎﾝﾏ ｺｳｼﾞ,本間　晃司,,ビL01,,ｺｰｽ1D付・ﾌﾞﾗﾝﾁ付,ご家族の方からお電話がありました。折り返しお電話をしてください。,,1,1,12:10
1,196,2,10654,ﾇﾏﾀﾞ ﾏｻﾋｺ,沼田　征彦,,ビL01,,ｺｰｽ1D付・ﾌﾞﾗﾝﾁ付,,,1,1,12:10
1,250,2,10654,ｷｼﾍﾞ ｺｳｽｹ,岸部　浩介,,ビL01,,ｺｰｽ1D付・ﾌﾞﾗﾝﾁ付,,,1,1,12:10
1,324,2,10654,ｳｼﾞｲｴ ﾎｳｼ,氏家　法嗣,,ビL01,,ｺｰｽ1D付・ﾌﾞﾗﾝﾁ付,,,1,1,12:10
1,18,2,10700,ｶﾐｼﾞｮｳ ﾋﾛｱｷ,上条　博明,,ビLD08,,P/昼・ﾄﾞﾘﾝｸ付き,,,1,1,12:10
1,34,2,10700,ｶﾜｺﾞｴ ﾄｼｵ,川越　利夫,,ビLD08,,P/昼・ﾄﾞﾘﾝｸ付き,,,1,1,
1,50,2,10700,ｽﾄﾞｳ ﾉﾌﾞﾋｺ,須藤　ノブヒコ,,ビLD08,,P/昼・ﾄﾞﾘﾝｸ付き,,,1,1,
1,4,1,10700,ｵｵｺｳﾁ ﾐﾂﾉﾘ,大河内　充則,,メLD011,,P/昼・ﾄﾞﾘﾝｸ付き・閻魔K,,,1,1,
1,64,2,10706,ﾔｸﾞﾁ ﾂﾄﾑ,矢口　努,,接待A,,研修,,,3,1,
1,188,2,10706,ﾎﾘｻﾜ ﾋﾛｱｷ,堀澤　博明,,接待A,,研修,,,3,1,
1,536,2,10706,ｵｵｸﾏ ｹｲｺ,大熊　恵子,,接待A,,研修,,,3,1,
1,623,2,10706,ﾅｶﾞﾊﾏ ﾅﾅｾ,長浜　七世,,接待A,,研修,,,3,1,
1,86,2,10712,ｲｲﾂﾞｶ ｾｲｼﾞ,飯塚　精児,,ビL01,,ｺｰｽ1D付・ﾌﾞﾗﾝﾁ付,,,1,1,
1,232,2,10712,ｲﾏｶﾞﾜ ﾕｳｼﾞ,今川　裕司,,ビL01,,ｺｰｽ1D付・ﾌﾞﾗﾝﾁ付,,,1,1,
1,500,2,10712,ﾅｶﾞｻﾜ ｱｲｺ,長沢　愛子,,ビL01,,ｺｰｽ1D付・ﾌﾞﾗﾝﾁ付,,,1,1,12:10
1,563,1,10712,ﾌｸﾔﾏ ﾊﾅ,福山　花,,メ09,,,オーダーは全て接待扱いとしてください。※他の方へのおごり分は除きます。,,1,1,12:10
1,126,1,10718,ﾏｽｲ ﾏﾓﾙ,増井　守,,メ11,,,,,1,1,12:10
1,262,1,10718,ﾅｶﾞﾔﾏ ｼﾝﾉｽｹ,永山　慎之介,,メ11,,,,,1,1,12:10
1,519,1,10718,ﾉﾊﾗ ｱｵｲ,野原　あおい,,メ11,,,,,1,1,12:10
1,550,1,10718,ｵｷﾞ ﾐｶ,小木　美佳,,メ11,,,,,1,1,
1,138,1,10724,ﾌｶﾀﾞ ｷｽｹ,深田　基祐,,メLD011,,P/昼・ﾄﾞﾘﾝｸ付き・黒霧K,,,1,1,
1,12,1,10724,ﾔｸｼﾏﾙ ﾏｻﾕｷ,薬師丸　将之,,メ11,,,,,1,1,
1,42,1,10724,ｻｶﾓﾄ ｼｭﾝｼﾞ,阪本　隼士,,メ11,,,,,1,1,
1,74,1,10724,ﾏｷﾉ ﾎｳｼ,牧野　法嗣,,メ11,,,,,1,1,
1,450,1,10724,James Sosa,James Sosa,,メ11,,,日本語をお話になられません。英語、同組の42：阪本様が通訳してくださいます。,,1,1,
1,94,1,10730,ﾄｸﾅｶﾞ ﾋﾃﾞｱｷ,徳永　英明,,メ11,,,,,1,1,
1,166,1,10730,ﾐﾔｻﾞｷ ﾐﾂﾋﾛ,宮崎　光洋,,メ11,,,,,1,1,
1,290,1,10730,ｷﾀﾉ ﾕｳｷ,北野　裕樹,,メ11,,,,,1,1,
1,8,1,10736,ﾀｹﾅｶ ﾛｸﾛｳ,竹中　禄郎,,メ11,,,,,3,1,
1,58,1,10736,ｵｵｺﾞ ﾀﾛｳ,大後　太朗,,メ11,,,,,1,1,12:10
1,152,1,10736,ｲﾏｲｽﾞﾐ ｿﾒｺﾞﾛｳ,今泉　染五郎,,メ11,,,9月の月例優勝者、OUT:35/IN:33の68、11番ドラコン、7番ニアピン,,1,1,12:10
1,242,1,10736,ﾐﾜ ﾔｽｷ,箕輪　泰樹,,メ11,,,,,1,1,12:10
1,26,1,10742,ﾖﾈﾀﾞ ﾋﾄｼ,米田　人志,,メ11,,,,,1,1,12:10
1,70,1,10742,ﾊﾀﾅｶ ﾘｮｳ,畑中　涼,,メ11,,,,,1,1,12:10
1,82,1,10742,ﾀｹｲ ﾋﾃﾞﾂｸﾞ,武井　英嗣,,メ11,,,,,1,1,
1,120,1,10742,ｵｵﾀ ｶｽﾞﾔ,太田　一哉,,メ11,,,,,1,1,
1,512,2,10752,ｻﾜｼﾞﾘ ｶｵﾙ,沢尻　薫,,ビLD01,,P/昼・ﾄﾞﾘﾝｸ付き,フロントで忘れ物をお預かりしています。,,1,1,
1,531,2,10752,ｷﾊﾗ ﾖｳｺ,木原　陽子,,ビLD01,,P/昼・ﾄﾞﾘﾝｸ付き,,,1,1,
1,558,2,10752,ｵﾔﾏ ﾓﾓｺ,小山　桃子,,ビLD01,,P/昼・ﾄﾞﾘﾝｸ付き,,,1,1,
1,591,2,10752,ｲｲﾀﾞ ﾅﾂｷ,飯田　夏希,,ビLD01,,P/昼・ﾄﾞﾘﾝｸ付き,,,1,1,
1,176,2,10800,ﾖｼｶﾜ ﾀｸｼ,吉川　拓志,,ビL01,,P/昼付き,システムさん,,1,1,
1,204,2,10800,ﾂﾁﾀﾞ ﾂﾄﾑ,土田　強,,ビL01,,P/昼付き,システムさん,,1,1,
1,224,2,10800,ｲﾉｳｴ ﾏｻﾉﾘ,井上　正則,,ビL01,,P/昼付き,システムさん,,1,1,
1,274,2,10800,ﾃﾗﾀﾞ ﾖｼﾉﾌﾞ,寺田　善信,,ビL01,,P/昼付き,システムさん,,1,1,
1,310,2,10800,ﾖｼｻﾞﾜ ｶﾝｼﾞ,吉沢　完爾,,ビL01,,P/昼付き,システムさん,,1,1,
1,214,2,10806,ｸﾒ ﾖｼﾏｻ,久米　由将,,ビL01,,P/昼付き,,,1,1,12:10
1,643,2,10806,ﾔﾏﾅｶ ﾐｷ,山中　美希,,ビL01,,P/昼付き,,,1,1,12:10
1,654,2,10806,ｶﾜﾊﾗ ｻﾕﾘ,河原　さゆり,,ビL01,,P/昼付き・ｱﾚﾙｷﾞｰ,牛にｱﾚﾙｷﾞｰをお持ちです。オーダ時、必ず手書きで「牛ｱﾚﾙｷﾞ」と記載！,,1,1,12:10
1,22,2,10812,ｺﾊﾞﾔｼ ﾘｮｳｽｹ,小林　亮介,,ビLD01,,P/昼・ﾄﾞﾘﾝｸ付き,,,1,1,12:10
1,158,2,10812,ｱﾗｲ ｽｽﾑ,荒井　進,,ビLD01,,P/昼・ﾄﾞﾘﾝｸ付き,,,1,1,12:10
1,526,2,10812,ﾓﾘﾓﾄ ﾘｻ,森本　莉沙,,ビLD01,,P/昼・ﾄﾞﾘﾝｸ付き,,,1,1,
1,535,2,10812,ﾐﾅﾄ ｻﾄﾐ,湊　さとみ,,ビLD01,,P/昼・ﾄﾞﾘﾝｸ付き,,,1,1,
1,28,2,10824,ﾌｸｵｶ ﾀﾂﾔ,福岡　竜也,,接待A,,接待,,,2,1,
1,312,2,10824,ｱｹﾁ ﾄﾓﾋｺ,明智　智彦,,接待A,,接待,,,2,1,
1,575,2,10824,ﾊﾏﾀﾞ ﾏﾅﾐ,浜田　真奈美,,接待A,,接待,,,2,1,
1,160,2,10830,ﾋﾛﾀ ｶﾛｸ,広田　花緑,,ビLD01,,P/昼・ﾄﾞﾘﾝｸ付き,昼食時かお帰りまえにキャディマスタからご挨拶をさせていただきたいので、お時間を頂いてください。,,1,1,
1,294,2,10830,ｵｳｷﾞ ﾀﾂﾐ,扇　辰巳,,ビLD01,,P/昼・ﾄﾞﾘﾝｸ付き,,,1,1,
1,316,2,10830,ﾈｷﾞｼ ﾅｵｼ,根岸　尚志,,ビLD01,,P/昼・ﾄﾞﾘﾝｸ付き,,,1,1,
1,516,2,10830,ｵｵﾊﾞﾔｼ ﾅｷﾞｻ,大林　なぎさ,,ビLD01,,P/昼・ﾄﾞﾘﾝｸ付き,,,1,1,13:00
1,298,1,10836,ｲﾉｳｴ ﾔｽｼ,井上　靖,,メLD08,,P/昼・ﾄﾞﾘﾝｸ付き・黒霧K,最近ご利用になっていないボトルの期限（12月31日まで）がきます。お伝えしてください。,,1,1,13:00
1,502,1,10836,ｷﾖﾀ ﾐﾁｺ,清田　美智子,,メ11,,,,,1,1,13:00
1,543,1,10836,ｷﾀｼﾞﾏ ﾒｸﾞﾐ,北島　めぐみ,,メ11,,,,,1,1,13:00
1,572,1,10836,ﾆｼｵ ﾚｲﾅ,西尾　れいな,,メ11,,,,,1,1,
1,566,2,10842,ｺｸﾎﾞ ｱﾂｺ,小久保　淳子,,ビL01,,P/昼付き,,,1,1,
1,625,2,10842,ｼﾉﾀﾞ ﾘｵ,篠田　莉緒,,ビL01,,P/昼付き,,,1,1,
1,637,2,10842,ｲﾁﾑﾗ ﾐﾕｷ,市村　美幸,,ビL01,,P/昼付き,,,1,1,
1,649,2,10842,ｲﾏｲ ﾏﾅﾐ,今井　まなみ,,ビL01,,P/昼付き,,,1,1,
1,132,2,10848,ｲｼｻﾞｶ ｹﾝ,石坂　兼,,ビLD08,,P/昼・ﾄﾞﾘﾝｸ付き,,,1,1,
1,270,1,10848,ﾎｳｾﾝ ﾅｵ,法泉　直,,ビLD08,,P/昼・ﾄﾞﾘﾝｸ付き,10月月例杯の賞品をお預かりしています。,,1,1,13:00
1,542,2,10848,ﾏﾂﾉ ﾊﾙｶ,松野　遥,,ビLD08,,P/昼・ﾄﾞﾘﾝｸ付き,,,1,1,13:00
1,40,1,10848,ｻｶﾓﾄ ﾕｳｽｹ,阪本　勇介,,メLD11,,P/昼・ﾄﾞﾘﾝｸ付き・れんとK,,,1,1,13:00
1,302,2,10854,ﾄｶﾞｼ ｿｳﾍｲ,富樫　創平,,ビLD01,,P/昼・ﾄﾞﾘﾝｸ付き,,,1,1,13:00
1,515,2,10854,ｱﾘﾏ ﾋﾛｺ,有馬　ひろ子,,ビLD01,,P/昼・ﾄﾞﾘﾝｸ付き,,,1,1,
1,587,2,10854,ｶﾅﾀ ｹｲｺ,彼方　景子,,ビLD01,,P/昼・ﾄﾞﾘﾝｸ付き,,,1,1,
1,54,2,10900,ﾀﾌﾞﾁ ｹｲ,田淵　圭,,ビL01,,P/昼付き,,,1,1,
1,190,2,10900,ﾋｶﾞｼﾉ ｹｲｺﾞ,東野　圭吾,,ビL01,,P/昼付き,人気作家,,1,1,
1,222,2,10900,ｳｴﾀﾞ ﾕﾀｶ,上田　豊,,ビL01,,P/昼付き,,,1,1,
1,248,2,10900,ﾀﾏｷ ﾂﾄﾑ,玉城　努,,ビL01,,P/昼付き,,,1,1,13:00
1,76,2,10906,ﾅﾗ ﾀｹｼ,奈良　丈史,,ビL01,,P/昼付き,,,1,1,13:00
1,540,2,10906,ｵｵﾀ ﾏｷ,太田　真希,,ビL01,,P/昼付き,,,1,1,13:00
1,564,2,10906,ｶﾜｺﾞｴ ﾖｳｺ,川越　陽子,,ビL01,,P/昼付き,,,1,1,13:00
1,611,2,10906,ﾌｼﾞｷ ﾕｳ,藤木　優,,ビL01,,P/昼付き,,,1,1,
1,632,2,10912,ﾐﾔﾍﾞ ﾐﾎ,宮部　美帆,,ビLD08,,P/昼・ﾄﾞﾘﾝｸ付き,,,1,1,
1,647,2,10912,ｲﾏﾀﾞ ｿﾗ,今田　そら,,ビLD08,,P/昼・ﾄﾞﾘﾝｸ付き,,,1,1,
1,661,2,10912,ｼﾉ ｱｲ,紫野　あい,,ビLD08,,P/昼・ﾄﾞﾘﾝｸ付き,,,1,1,
1,670,2,10912,ﾔﾏｻﾞｷ ﾄﾖｺ,山崎　豊子,,ビLD08,,P/昼・ﾄﾞﾘﾝｸ付き,,,1,1,
1,84,1,10912,ﾐﾜ ｱｷﾖｼ,美輪　明慶,,メLD11,,P/昼・ﾄﾞﾘﾝｸ付き・黒霧K,,,1,1,
1,304,2,10918,ﾅｺﾞ ﾖｼｷ,名護　良樹,,ビLD08,,P/昼・ﾄﾞﾘﾝｸ付き,,,1,1,13:00
1,552,2,10918,ｶﾜﾅｶ ｶﾛｸ,川中　花緑,,ビLD08,,P/昼・ﾄﾞﾘﾝｸ付き,先日、当ゴルフ場でホールインワンを達成されました。お祝いとしてお土産のデザートをお伺いしてください。,,1,1,13:00
1,527,1,10918,ｷﾑﾗ ﾁﾅﾂ,木村　千夏,,メLD11,,P/昼・ﾄﾞﾘﾝｸ付き・ﾍﾈｼｰK,,,1,1,13:00
1,98,2,10924,ｼｲﾅ ﾋｶﾙ,椎名　光,,ビLD01,,P/昼・ﾄﾞﾘﾝｸ付き,,,1,1,13:00
1,326,2,10924,ｲﾁｶﾜ ﾘｭｳﾀ,市川　隆太,,ビLD01,,P/昼・ﾄﾞﾘﾝｸ付き,,,1,1,
1,641,2,10924,ﾔﾏﾉ ｱｻﾐ,山野　あさみ,,ビLD01,,P/昼・ﾄﾞﾘﾝｸ付き,,,1,1,
1,234,2,10930,ｴﾄｳ ﾋﾛｱｷ,江藤　仁晶,,ビL01,,P/昼付き,,,1,1,
1,571,2,10930,ﾌｸﾅｶﾞ ﾕｳ,福永　由宇,,ビL01,,P/昼付き,,,1,1,
1,636,2,10930,ｵｲｶﾜ ﾐｷ,及川　みき,,ビL01,,P/昼付き,,,1,1,
1,664,2,10930,ﾜﾀﾍﾞ ｻﾁｺ,渡部　佐知子,,ビL01,,P/昼付き,,,1,1,13:20
1,62,2,10936,ﾀｹﾑﾗ ﾖｳｽｹ,竹村　洋介,,ビLD01,,P/昼・ﾄﾞﾘﾝｸ付き,,,1,1,13:20
1,170,2,10936,ｶｼﾞﾜﾗ ﾋｶﾙ,梶原　光,,ビLD01,,P/昼・ﾄﾞﾘﾝｸ付き,,,1,1,13:20
1,628,2,10936,ｺﾝﾄﾞｳ ｴﾘｶ,近藤　恵梨香,,ビLD01,,P/昼・ﾄﾞﾘﾝｸ付き,,,1,1,13:20
1,686,2,10936,ﾀﾀﾞ ｻｴ,多田　沙絵,,ビLD01,,P/昼・ﾄﾞﾘﾝｸ付き,,,1,1,
1,208,2,10942,ｼﾊﾞ ﾘｮｳﾀﾛｳ,司馬　遼太郎,,ビL01,,P/昼付き,,,1,1,
1,556,2,10942,ｶﾜｾ ﾒｲﾋﾞ,川瀬　明日,,ビL01,,P/昼付き,,,1,1,13:20
1,650,2,10942,ｶﾝｼﾞﾔ ﾚｲｺ,貫地谷　礼子,,ビL01,,P/昼付き,,,1,1,13:20
1,672,2,10942,ﾐﾔﾍﾞ ﾐﾕｷ,宮部　みゆき,,ビL01,,P/昼付き,,,1,1,13:20
1,568,2,10948,ｲｼｸﾞﾛ ﾅﾅ,石黒　奈々,,ビL01,,P/昼付き,,,1,1,13:20
1,624,2,10948,ﾊﾗ ﾐﾗｲ,原　未來,,ビL01,,P/昼付き,,,1,1,
1,663,2,10948,ｺｼﾞﾏ ﾑﾂｺ,小島　睦子,,ビL01,,P/昼付き,,,1,1,
1,680,2,10948,ﾉﾏ ﾕｳｺ,野間　ゆうこ,,ビL01,,P/昼付き,,,1,1,13:20
1,639,2,10954,ﾔﾏﾉ ﾅｵ,山野　奈央,,ビLD08,,P/昼・ﾄﾞﾘﾝｸ付き,フロントで伝言をお預かりしています。,,1,1,13:20
1,657,2,10954,ﾀｶﾊｼ ﾕﾐｺ,高橋　由美子,,ビLD08,,P/昼・ﾄﾞﾘﾝｸ付き,,,1,1,13:20
1,504,1,10954,ﾅｶﾂﾞｶ ｻﾕﾘ,中塚　小百合,,メLD11,,P/昼・ﾄﾞﾘﾝｸ付き・閻魔K,,,1,1,13:20
1,154,2,11000,ｲﾏｶﾞﾜ ｱﾂｼ,今川　敦,,ビLD01,,P/昼・ﾄﾞﾘﾝｸ付き,,,1,1,
1,246,2,11000,ｺﾞﾄｳ ｷｸｵ,後藤　菊生,,ビLD01,,P/昼・ﾄﾞﾘﾝｸ付き,,,1,1,
1,318,2,11000,ﾏｻｷ ﾄﾓﾔ,正木　友也,,ビLD01,,P/昼・ﾄﾞﾘﾝｸ付き,,,1,1,14:15
1,559,2,11000,ｶﾀﾔﾏ ﾕｲﾉ,片山　友以乃,,ビLD01,,P/昼・ﾄﾞﾘﾝｸ付き,,,1,1,14:15
1,620,2,11000,ｷｸﾁ ｶﾝ,菊池 寛,,ビLD01,,P/昼・ﾄﾞﾘﾝｸ付き,明日、お誕生日です。,,1,1,14:15
1,751,2,11000,ﾄｰﾏｽ ｼﾞｪﾌｧｰｿﾝ,トーマスジェファーソン,,ビLD01,,P/昼・ﾄﾞﾘﾝｸ付き,,,1,1,14:15
1,9998,2,11000,*,コース売店現金,,ビLD01,,P/昼・ﾄﾞﾘﾝｸ付き,,,1,1,
1,268,2,11006,ﾐﾔｻﾞｷ ﾊﾔｵ,宮崎　駿,,ビL01,,P/昼付き,,,1,1,
1,520,2,11006,ｵｵﾂｷ ﾐｭｳ,大槻　美優,,ビL01,,P/昼付き,,,1,1,
1,595,2,11006,ｳﾒﾓﾄ ﾛｰﾗ,梅本　ローラ,,ビL01,,P/昼付き,,,1,1,
1,194,2,11006,ﾉﾔﾏ ﾅｵﾋｻ,野山　尚久,,ビL01,,P/昼付き・ｱﾚﾙｷﾞｰ,生の果物の一部にアレルギーをお持ちです。デザートをオーダされた場合には念のため厨房に果物の種類を確認し、内容をお伝えする。※オーダーは一旦「食後」を選択し確認後、厨房に口頭で連絡を行う,,1,1,14:15
1,236,2,11012,ｺﾝﾄﾞｳ ｻﾀﾞｵ,近藤　サダヲ,,ビL01,,P/昼付き,,,1,1,14:15
1,530,2,11012,ﾓﾘﾓﾄ ﾄﾓｶ,森本　智花,,ビL01,,P/昼付き,,,1,1,14:15
1,603,2,11012,ｸｻｶﾍﾞ ｶｵﾘ,日下部　かおり,,ビL01,,P/昼付き,,,1,1,14:15
1,669,2,11012,ｶﾜﾍﾞ ｶｽﾞﾄｼ,河部　和利,,ビL01,,P/昼付き,,,1,1,
1,180,2,11018,ﾓﾘﾉ ｼｮｳ,森野　翔,,ビLD01,,P/昼・ﾄﾞﾘﾝｸ付き,,,1,1,
1,286,2,11018,ｺﾊﾞﾔｼ ﾘｭｳｼﾞ,小林　隆治,,ビLD01,,P/昼・ﾄﾞﾘﾝｸ付き,,,1,1,
1,674,2,11018,ﾐｳﾗ ｼｦﾝ,三浦　しをん,,ビLD01,,P/昼・ﾄﾞﾘﾝｸ付き,,,1,1,
1,44,2,11024,ｲﾀﾉ ｹﾝ,坂野　建,,ビL01,,P/昼付き,,,1,1,14:15
1,660,2,11024,ｲｻﾞﾜ ﾅﾂﾐ,井沢　なつみ,,ビL01,,P/昼付き,,,1,1,14:15
1,671,2,11024,ｵｼｶﾜ ｱｲ,押川　愛,,ビL01,,P/昼付き,,,1,1,14:15
1,682,2,11024,ﾆﾜ ﾄﾓﾐ,仁和　知美,,ビL01,,P/昼付き,,,1,1,14:15
1,555,2,11030,ﾎｻｶ ﾐﾗｲ,保坂　未來,,接待（業務）,,接待（見学）,ＮＳＤゴルフ場,,2,1,
1,640,2,11030,ｷﾄｳ ﾐﾁｺ,鬼頭　美智子,,接待（業務）,,接待（見学）,ＮＳＤゴルフ場,,2,1,
1,668,2,11030,ﾔﾏﾆｼ ｱﾕﾐ,山西　あゆみ,,接待（業務）,,接待（見学）,ＳＧゴルフクラブ,,2,1,
1,10,2,11030,ｶｹｲ ﾋﾃﾞﾀｶ,筧　秀隆,,接待（業務）,,接待（職員）,,,2,1,
1,46,2,11036,ﾎｿﾔﾏ ﾘｭｳｼﾞ,細山　竜次,,ビL01,,P/昼付き,,,1,1,
1,150,2,11036,ｺｻﾞｶ ﾃﾂｼﾞ,小坂　鉄二,,ビL01,,P/昼付き,,,1,1,11:50
1,206,2,11036,ﾀｶﾔﾏ ﾔｽﾉﾘ,高山　泰徳,,ビL01,,P/昼付き,,,1,1,11:50
1,220,2,11036,ｵｳ ｻﾀﾞﾊﾙ,王　貞治,,ビL01,,P/昼付き,,,1,1,11:50
1,903,2,11200,ﾀﾁｻｷ ｺﾞｳ,立﨑　號,,ビL01,,外字ﾃｽﾄ(ﾀﾁｻｷ・崎/UNI),,,1,1,11:50
1,901,2,11200,ﾀｶﾔﾏ ﾅｵｺ,髙山　菜穂子,,ビL01,,外字ﾃｽﾄ(はしご高),,,1,1,
1,900,2,11200,ﾀｶﾔﾏ ﾖｺｲﾁ,髙山　橫一,,ビL01,,外字ﾃｽﾄ(はしご高・旧横),,,1,1,
1,902,2,11200,ﾀｶﾔﾏ ｹﾝｼﾞ,高山　健二,,ビL01,,外字テスト用(通常高),,,1,1,
1,124,1,20648,ﾏｽﾀﾞ ｶｽﾞﾕｷ,増田　和之,,メLD011,,P/昼・ﾄﾞﾘﾝｸ付き・黒霧K,,,1,1,
1,244,1,20648,ｲﾏｲ ﾀﾂﾔ,今井　竜也,,メL9,,ｶﾐｭｰXOK,,,1,1,
1,629,1,20648,ｼｶﾃﾌﾞｸﾛ ﾕｳｺ,鹿手袋　結子,,メ11,,,,,1,1,
1,673,1,20648,ｵｶﾞﾜ ﾖｳｺ,小川　洋子,,メ11,,,,,1,1,
1,524,2,20654,ｵｵﾀﾆ ﾊﾙｷ,大谷　春樹,,ビL01,,P/昼付き,,,1,1,11:50
1,562,2,20654,ｺﾀﾞｶ ﾋﾄﾐ,小高　ひとみ,,ビL01,,P/昼付き,,,1,1,11:50
1,621,2,20654,ﾂﾀﾞ ｱｷ,津田　あき,,ビL01,,P/昼付き,フロントで伝言をお預かりしています。,,1,1,11:50
1,645,2,20654,ﾔﾏｻﾞｷ ｱｲﾘ,山崎　愛梨,,ビL01,,P/昼付き,,,1,1,11:50
1,16,2,20700,ｵﾀﾞ ﾏｻﾋｺ,織田　雅彦,,ビL01,,P/昼付き,,,1,1,
1,122,2,20700,ﾀﾀﾞ ﾋﾛﾕｷ,多田　博之,,ビL01,,P/昼付き,,,1,1,
1,156,2,20700,ﾀｶﾔ ﾋﾛ,高谷　ヒロ,,ビL01,,P/昼付き,,,1,1,
1,210,2,20700,ｻｶｶﾞﾐ ｺｳｲﾁ,坂上　洸一,,ビL01,,P/昼付き,,,1,1,
1,282,2,20706,ｾｶﾞﾜ ﾏｻﾄ,瀬川　雅人,,ビL01,,ｺｰｽ1D付・ﾌﾞﾗﾝﾁ付,,,1,1,
1,528,2,20706,ｵｵﾑﾗ ﾐｷ,大村　みき,,ビL01,,ｺｰｽ1D付・ﾌﾞﾗﾝﾁ付,,,1,1,11:50
1,567,2,20706,ﾌｸﾊﾗ ｱｲ,福原　あい,,ビL01,,ｺｰｽ1D付・ﾌﾞﾗﾝﾁ付,,,1,1,11:50
1,630,2,20706,ﾀﾏﾀﾞ ﾅﾂｷ,玉田　奈月,,ビL01,,ｺｰｽ1D付・ﾌﾞﾗﾝﾁ付,,,1,1,11:50
1,6,2,20712,ｲｹﾀﾞ ﾄｼｱｷ,池田　寿明,,ビL01,,P/昼付き,,,1,1,11:50
1,14,2,20712,ｱﾗｶﾞｷ ﾎｳｼ,新垣　法嗣,,ビL01,,P/昼付き,,,1,1,
1,20,2,20712,ﾏﾂｻﾞｷ ｾｲｼﾞ,松崎　誠治,,ビL01,,P/昼付き,,,1,1,
1,24,2,20712,ﾄﾖﾀ ﾏｻﾋｺ,豊田　雅彦,,ビL01,,P/昼付き,,,1,1,
1,278,2,20718,ﾂﾂｲ ｻﾄｼ,筒井　諭,,ビLD01,,P/昼・ﾄﾞﾘﾝｸ付き,,,1,1,11:50
1,292,2,20718,ｷｼｶﾞﾐ ｼﾝﾔ,岸上　新弥,,ビLD01,,P/昼・ﾄﾞﾘﾝｸ付き,,,1,1,11:50
1,306,1,20718,ﾊﾏﾉ ｺｳｼﾞ,浜野　浩二,,メLD11,,P/昼・ﾄﾞﾘﾝｸ付き,9月月例の賞品をフロントでお預かりしています。,,1,1,11:50
1,240,1,20718,ﾔｽﾀｹ ｶｽﾞﾋﾛ,安武　和洋,,メLD011,,P/昼・ﾄﾞﾘﾝｸ付き・閻魔K,閻魔は水割,,1,1,11:50
1,162,2,20724,ｸﾘﾔﾏ ﾏｻﾋｺ,栗山　雅彦,,ビLD01,,P/昼・ﾄﾞﾘﾝｸ付き,,,1,1,
1,198,2,20724,ﾄｼﾞ ｲｯﾄｸ,ト字　一徳,,ビLD01,,P/昼・ﾄﾞﾘﾝｸ付き,,,1,1,
1,218,2,20724,ｵﾉ ｼﾝｲﾁ,小野　真一,,ビLD01,,P/昼・ﾄﾞﾘﾝｸ付き,,,1,1,
1,30,1,20724,ｲｽﾞﾐ ｹﾝｲﾁ,泉　憲一,,メLD11,,P/昼・ﾄﾞﾘﾝｸ付き・黒霧K,,,1,1,
1,36,2,20730,ﾁﾊﾞ ｼｭﾝｼﾞ,千葉　俊二,,ビL01,,P/昼付き,,,1,1,15:50
1,136,2,20730,ｻﾅﾀﾞ ｱﾂｼ,真田　敦,,ビL01,,P/昼付き,,,1,1,15:50
1,238,2,20730,ｶﾜﾀ ｻﾄｼ,河田　聡,,ビL01,,P/昼付き,,,1,1,15:50
1,534,2,20730,ｳｴﾀﾞ ﾁｶｺ,上田　千佳子,,ビL01,,P/昼付き,,,1,1,15:50
1,48,2,20736,ﾐｽﾞｼﾏ ﾃﾙｵ,水嶋　照生,,ビLD01,,P/昼・ﾄﾞﾘﾝｸ付き,毎月コンペを催していただいている級遊会の幹事さんです。,,1,1,15:50
1,174,2,20736,ｳｻﾐ ﾀﾂﾔ,宇佐美　竜也,,ビLD01,,P/昼・ﾄﾞﾘﾝｸ付き,,,1,1,
1,260,2,20736,ﾀｶﾊﾗ ﾘｮｳｽｹ,高原　亮介,,ビLD01,,P/昼・ﾄﾞﾘﾝｸ付き,,,1,1,
1,506,2,20736,ｾｵ ﾐﾗｲ,瀬尾　未來,,ビLD01,,P/昼・ﾄﾞﾘﾝｸ付き,,,1,1,
1,92,2,20742,ﾌｼﾞｻﾜ ﾖｳｽｹ,藤沢　陽介,,ビLD01,,P/昼・ﾄﾞﾘﾝｸ付き,商工会議所定例コンペ,,1,1,
1,66,2,20742,ｷﾀﾞ ｱﾂｼ,木田　惇,,ビL01,,P/昼付き,商工会議所定例コンペ,,1,1,
1,514,2,20742,ﾌｷｺｼ ﾐﾕｷ,吹越　美幸,,ビL01,,P/昼付き,商工会議所定例コンペ,,1,1,
1,168,2,20742,ﾖｼﾅｶﾞ ﾄﾓﾔ,吉永　友也,,ビL01,,P/昼付き・れんとK,商工会議所定例コンペ,,1,1,
1,32,2,20754,ｶﾜﾉ ﾄｵﾙ,川野　徹,,ビL01,,P/昼付き,商工会議所定例コンペ,,1,1,12:10
1,300,2,20754,ｲｹｲﾄﾞ ｼﾞｭﾝ,池井戸　潤,,ビL01,,P/昼付き,商工会議所定例コンペ,,1,1,12:10
1,532,2,20754,ｵｵｼﾛ ﾕﾐｺ,大城　由美子,,ビL01,,P/昼付き,商工会議所定例コンペ,,1,1,12:10
1,615,2,20754,ﾀｸﾞﾁ ｼﾎﾘ,田口　しほり,,ビL01,,P/昼付き,商工会議所定例コンペ,,1,1,12:10
1,52,2,20800,ﾜﾀﾍﾞ ｱﾂｼ,渡部　敦,,ビL01,,P/昼付き,,,1,1,
1,226,2,20800,ｱﾀﾞﾁ ｼｹﾞｵ,足立　重雄,,ビL01,,P/昼付き,,,1,1,
1,554,2,20800,ｵﾊﾞﾀ ﾘｴ,小幡　りえ,,ビL01,,P/昼付き,,,1,1,
1,72,2,20806,ｼﾗﾄﾘ ｼﾞｮｰｼﾞ,白鳥　ジョージ,,ビLD01,,P/昼・ﾄﾞﾘﾝｸ付き,,,1,1,
1,142,2,20806,ﾓﾘ ｼｭﾝｼﾞ,森　俊二,,ビLD01,,P/昼・ﾄﾞﾘﾝｸ付き,,,1,1,
1,200,2,20806,ﾃﾗﾓﾄ ｹﾞﾝ,寺本　元,,ビLD01,,P/昼・ﾄﾞﾘﾝｸ付き,,,1,1,
1,266,1,20806,ﾓﾘﾉ ｵｳｶﾞｲ,森　鴎外,,メLD011,,P/昼・ﾄﾞﾘﾝｸ付き・蕎麦×,,,1,1,
1,38,1,20806,ｻﾝｼ ｶｽﾞｵ,三枝　一雄,,メLD011,,P/昼・ﾄﾞﾘﾝｸ付き・黒霧K,,,1,1,
1,178,2,20812,ﾔﾀﾞ ﾕｳｲﾁ,矢口　雄一,,ビL01,,P/昼付き,,,1,1,
1,280,2,20812,ﾀﾞﾃ ﾋﾛｱｷ,伊達　弘明,,ビL01,,P/昼付き,,,1,1,12:10
1,320,2,20812,ｼﾞﾝﾎﾞ ﾘｭｳﾀ,神保　隆太,,ビL01,,P/昼付き,,,1,1,12:10
1,56,2,20818,ｵｵｻｶ ﾘｮｳｽｹ,大坂　良介,,ビLD01,,P/昼・ﾄﾞﾘﾝｸ付き,,,1,1,12:10
1,192,2,20818,ﾊﾞﾊﾞ ｶｲﾄ,馬場　海人,,ビLD01,,P/昼・ﾄﾞﾘﾝｸ付き,,,1,1,
1,523,2,20818,ﾒｸﾞﾛ ﾐｷ,目黒　美紀,,ビLD01,,P/昼・ﾄﾞﾘﾝｸ付き,,,1,1,
1,96,2,20824,ﾀﾊﾞﾀ ﾋﾛｼ,田端　寛,,ビL01,,P/昼付き,,,1,1,
1,186,2,20824,ﾐﾔﾓﾄ ﾃﾙ,宮本　輝,,ビL01,,P/昼付き,,,1,1,
1,539,2,20824,ﾎﾝﾏ ｻｷ,本間　紗季,,ビL01,,P/昼付き,,,1,1,
1,308,2,20824,ﾔｷﾞ ﾓﾄﾊﾙ,八木　元治,,ビL01,,P/昼付き・ﾌﾟﾛ,レッスンプロ、お客様とプレーをされています。接待でデザートセットをお伺いしてください。,,1,1,
1,511,2,20830,ﾛｯｶｸ ﾘｮｳｺ,六角　涼子,,ビL01,,P/昼付き,,,1,1,
1,560,2,20830,ｶﾜﾊﾗ ﾐｷ,川原　美希,,ビL01,,P/昼付き,,,1,1,
1,631,2,20830,ﾃﾗﾜｷ ﾒｲ,寺脇　芽以,,ビL01,,P/昼付き,,,1,1,
1,653,2,20830,ﾀｶﾊﾀ ﾅｵ,高畑　奈央,,ビL01,,P/昼付き,,,1,1,
1,546,2,20836,ｼｮｳｼﾞ ﾏｵ,庄司　麻緒,,ビL01,,P/昼付き,,,1,1,
1,599,2,20836,ﾊﾞﾊﾞ ｷｮｳｺ,馬場　京子,,ビL01,,P/昼付き,,,1,1,
1,642,2,20836,ｲﾜﾑﾗ ｴﾘｶ,岩村　恵梨香,,ビL01,,P/昼付き,,,1,1,
1,508,2,20836,ﾀｹｳﾁ ﾏｻﾐ,竹内　まさみ,,ビL01,,P/昼付き・黒霧島K,,,1,1,
1,666,2,20842,ﾕｳｷ ﾏｵﾐ,柚木　真巳,,ビLD01,,P/昼・ﾄﾞﾘﾝｸ付き,,,1,1,
1,675,2,20842,ｳｴﾉ ｹｲｺ,上野　桂子,,ビLD01,,P/昼・ﾄﾞﾘﾝｸ付き,,,1,1,
1,688,2,20842,ｿﾉﾀﾞ ｷｮｳｺ,園田　恭子,,ビLD01,,P/昼・ﾄﾞﾘﾝｸ付き,,,1,1,
1,90,2,20848,ｸｻｶﾍﾞ ﾋﾛ,日下部　ヒロ,,ビLD01,,P/昼・ﾄﾞﾘﾝｸ付き,,,1,1,
1,164,2,20848,ﾀﾏﾀﾞ ｶｽﾞﾔ,玉田　一哉,,ビLD01,,P/昼・ﾄﾞﾘﾝｸ付き,,,1,1,
1,230,2,20848,ｻｶﾞﾜ ｹﾝｼﾞ,佐川　研二,,ビLD01,,P/昼・ﾄﾞﾘﾝｸ付き,,,1,1,
1,60,1,20848,ｵｵｸﾎﾞ ﾕｳｲﾁ,大久保　優一,,メLD011,,P/昼・ﾄﾞﾘﾝｸ付き・黒霧K,,,1,1,
1,78,2,20854,ｸｽﾓﾄ ﾅｶﾞﾄｼ,楠本　長利,,ビL01,,P/昼付き,,,1,1,
1,182,2,20854,ﾓﾓﾀ ﾅｵｷ,百田　尚樹,,ビL01,,P/昼付き,,,1,1,
1,544,2,20854,ﾊﾔｶﾜ ﾘｺ,早川　璃子,,ビL01,,P/昼付き,,,1,1,
1,272,2,20854,ﾊｼﾓﾄ ﾀﾂﾔ,橋本　竜也,,ビL01,,P/昼付き・支配人家族,レストランに来られたら支配人に連絡をしてください。,,1,1,
1,576,2,20900,ﾆｼｸﾞﾁ ｼﾎﾘ,西口　しほり,,ビL01,,P/昼付き,,,1,1,
1,634,2,20900,ﾐﾔﾊﾗ ﾒｲﾋﾞ,宮原　明日,,ビL01,,P/昼付き,,,1,1,
1,655,2,20900,ﾀｶﾔﾏ ﾚﾅ,高山　麗奈,,ビL01,,P/昼付き,,,1,1,
1,678,2,20900,ﾌﾅｺｼ ﾄﾓｴ,船越　友愛,,ビL01,,P/昼付き,,,1,1,
1,134,2,20906,ｻｲﾄｳ ﾋﾛﾏｻ,斉藤　浩正,,ビLD01,,P/昼・ﾄﾞﾘﾝｸ付き,,,1,1,
1,172,2,20906,ｵｶﾑﾗ ﾕｳｷ,岡村　祐基,,ビLD01,,P/昼・ﾄﾞﾘﾝｸ付き,,,1,1,
1,212,2,20906,ｺｻｶ ｶｽﾞｼ,小坂　和史,,ビLD01,,P/昼・ﾄﾞﾘﾝｸ付き,,,1,1,
1,314,2,20906,ﾑﾗﾀ ｶｽﾞｵ,村田　和夫,,ビLD01,,P/昼・ﾄﾞﾘﾝｸ付き,,,1,1,
1,202,2,20912,ﾂﾂｲ ﾔｽﾀｶ,筒井　康隆,,ビL01,,P/昼付き,,,1,1,
1,264,2,20912,ｲﾄｳ ﾀｶｵ,伊東　たかお,,ビL01,,P/昼付き,,,1,1,
1,510,2,20912,ｾﾄ ｱｻﾐ,瀬戸　あさみ,,ビL01,,P/昼付き,,,1,1,
1,140,2,20912,ｷﾖﾀ ｽｽﾑ,清田　進,,ビL01,,P/昼付き・ｱﾚﾙｷﾞ-,蕎麦ｱﾚﾙｷﾞｰをお持ちです。注意してください。,,1,1,
1,551,2,20918,ﾄﾖﾀ ｴﾘｶ,豊田　恵梨香,,ビL01,,P/昼付き,,,1,1,
1,607,2,20918,ｳﾁﾑﾗ ﾐﾂﾞｷ,内村　美月,,ビL01,,P/昼付き,,,1,1,
1,638,2,20918,ｸﾎﾞ ﾁｴﾐ,久保　ちえみ,,ビL01,,P/昼付き,,,1,1,
1,658,2,20918,ﾅｶﾞｾ ﾄﾓｶ,永瀬　智花,,ビL01,,P/昼付き,,,1,1,
1,322,2,20924,ﾜｶﾊﾞﾔｼ ﾕｳｲﾁ,若林　優一,,ビLD01,,P/昼・ﾄﾞﾘﾝｸ付き,,,1,1,
1,648,2,20924,ﾏﾙﾀ ﾕｳ,丸田　優,,ビLD01,,P/昼・ﾄﾞﾘﾝｸ付き,,,1,1,
1,667,2,20924,ｸﾞｼｹﾝ ﾖｳｺ,具志堅　蓉子,,ビLD01,,P/昼・ﾄﾞﾘﾝｸ付き,,,1,1,
1,684,2,20924,ﾁｸｼ ﾐﾜ,筑紫　美和,,ビLD01,,P/昼・ﾄﾞﾘﾝｸ付き,,,1,1,
1,288,2,20930,ｺｸﾎﾞ ｶﾂｼﾞ,小久保　勝司,,ビL01,,P/昼付き,プレー後のコンペはコンペルーム２で行います。,,1,1,
1,583,2,20930,ｵｻﾞｷ ｻﾁｴ,尾崎　沙知絵,,ビL01,,P/昼付き,,,1,1,
1,626,2,20930,ｺﾝﾄﾞｳ ﾐｶ,近藤　美嘉,,ビL01,,P/昼付き,,,1,1,
1,651,2,20930,ｱｲﾀﾞ ｴﾘｶ,合田　エリカ,,ビL01,,P/昼付き,,,1,1,
1,80,2,20936,ｷﾀｻﾞﾜ ｹｲ,北沢　圭,,ビL01,,P/昼付き,,,1,1,
1,522,2,20936,ｻﾅﾀﾞ ﾅﾅ,真田　那奈,,ビL01,,P/昼付き,プレー後のコンペはコンペルーム２で行います。,,1,1,
1,579,2,20936,ﾊﾏｻｷ ﾘﾅ,浜崎　里奈,,ビL01,,P/昼付き,,,1,1,
1,665,2,20936,ｹﾄﾞｳｲﾝ ﾚｲｺ,祁答院　禮子,,ビL01,,P/昼付き,,,1,1,
1,128,2,20942,ﾏｴｶﾜ ﾀﾂﾋﾄ,前川　達士,,ビLD01,,P/昼・ﾄﾞﾘﾝｸ付き,,,1,1,
1,619,2,20942,ｼｲﾅ ﾌﾐﾖ,椎名　文世,,ビLD01,,P/昼・ﾄﾞﾘﾝｸ付き,,,1,1,
1,652,2,20942,ｶﾄﾞﾀ ﾓﾓｺ,角田　桃子,,ビLD01,,P/昼・ﾄﾞﾘﾝｸ付き,,,1,1,
1,296,1,20942,ｴﾄｳ ﾖｼﾉﾘ,江藤　義則,,メLD011,,P/昼・ﾄﾞﾘﾝｸ付き・閻魔K,,,1,1,
1,547,2,20954,ｷﾀﾊﾗ ﾁﾅﾂ,北原　千夏,,ビLD01,,P/昼・ﾄﾞﾘﾝｸ付き,,,1,1,
1,644,2,20954,ｲﾜｻｷ ﾋﾄﾐ,岩崎　瞳,,ビLD01,,P/昼・ﾄﾞﾘﾝｸ付き,,,1,1,
1,676,2,20954,ﾏﾅﾍﾞ ﾑﾂﾐ,眞鍋　睦実,,ビLD01,,P/昼・ﾄﾞﾘﾝｸ付き,,,1,1,
1,662,1,20954,ﾖﾘﾀ ﾖｳｺ,依田　陽子,,メLD011,,P/昼・ﾄﾞﾘﾝｸ付き・黒霧K,,,1,1,
1,130,2,21000,ｲｼﾓﾄ ﾋｶﾙ,石本　光,,ビL01,,P/昼付き,,,1,1,
1,538,2,21000,ｳｴﾊﾗ ｱﾔｺ,上原　綾子,,ビL01,,P/昼付き,,,1,1,
1,627,2,21000,ｼﾉﾀﾞ ｱｲﾘ,篠田　愛梨,,ビL01,,P/昼付き,,,1,1,
1,284,2,21000,ｻﾀｹ ｶｽﾞﾄ,佐竹　和人,,ビL01,,P/昼付き・ｱﾚﾙｷﾞ,鶏卵にアレルギーをお持ちです。注意してください。,,1,1,
1,216,2,21006,ｷｼﾓﾄ ﾉﾘｱｷ,岸本　憲明,,ビLD01,,P/昼・ﾄﾞﾘﾝｸ付き,,,1,1,
1,518,1,21006,ｶﾝｻﾞｷ ﾒｸﾞﾐ,神崎　恵美,,メLD011,,P/昼・ﾄﾞﾘﾝｸ付き,前回のご来場時にオーダミスがありました。再度お詫びをしてください。,,1,1,
1,570,2,21006,ｵｶﾞﾀ ｱﾔｺ,緒方　あや子,,ビLD01,,P/昼・ﾄﾞﾘﾝｸ付き,,,1,1,
1,656,2,21006,ｼｵﾐ ｱﾔ,塩見　彩,,ビLD01,,P/昼・ﾄﾞﾘﾝｸ付き,,,1,1,
1,184,2,21012,ﾑﾗｶﾐ ﾊﾙｷ,村上　春樹,,ビLD01,,P/昼・ﾄﾞﾘﾝｸ付き,,,1,1,
1,88,2,21012,ｲﾘｴ ｼﾝﾉｽｹ,入江　慎之介,,ビL01,,P/昼付き,,,1,1,
1,622,2,21012,ｴﾊﾗ ﾉﾘｺ,江原　法子,,ビL01,,P/昼付き,,,1,1,
1,548,2,21018,ﾏｴﾀﾞ ｷｮｳｺ,前田　恭子,,ビLD01,,P/昼・ﾄﾞﾘﾝｸ付き,,,1,1,
1,635,2,21018,ｼｶﾞ ｻﾜ,志賀　砂羽,,ビLD01,,P/昼・ﾄﾞﾘﾝｸ付き,本日お誕生日です。,,1,2,
1,646,2,21018,ｲﾜｻ ｱﾔﾒ,岩佐　綾女,,ビLD01,,P/昼・ﾄﾞﾘﾝｸ付き,,,1,3,
1,690,2,21018,ｽﾄﾞｳ ｼﾉ,須藤　紫乃,,ビLD01,,P/昼・ﾄﾞﾘﾝｸ付き,,,1,9,
