ドレッシング,ドレッシング,10002,1,0,0,,,,
しそ,しそ,10002,1,1,0,,,,
ゴマ,ゴマ,10002,1,2,0,,,,
イタリアン,イタリアン,10002,1,3,0,,,,
サウザンアイランド,サウザンアイランド,10002,1,4,0,,,,
中華,中華,10002,1,5,0,,,,
ドレッシング,ドレッシング,10006,1,0,0,,,,
しそ,しそ,10006,1,1,0,,,,
ゴマ,ゴマ,10006,1,2,0,,,,
イタリアン,イタリアン,10006,1,3,1,,,,
サウザンアイランド,サウザンアイランド,10006,1,4,0,,,,
中華,中華,10006,1,5,0,,,,
ドレッシング,ドレッシング,10007,1,0,0,,,,
しそ,しそ,10007,1,1,0,,,,
ゴマ,ゴマ,10007,1,2,0,,,,
イタリアン,イタリアン,10007,1,3,1,,,,
サウザンアイランド,サウザンアイランド,10007,1,4,0,,,,
中華,中華,10007,1,5,0,,,,
ドレッシング,ドレッシング,10082,1,0,0,,,,
しそ,しそ,10082,1,1,0,,,,
ゴマ,ゴマ,10082,1,2,0,,,,
イタリアン,イタリアン,10082,1,3,1,,,,
サウザンアイランド,サウザンアイランド,10082,1,4,0,,,,
中華,中華,10082,1,5,0,,,,
ドレッシング,ドレッシング,10086,1,0,0,,,,
しそ,しそ,10086,1,1,0,,,,
ゴマ,ゴマ,10086,1,2,0,,,,
イタリアン,イタリアン,10086,1,3,0,,,,
サウザンアイランド,サウザンアイランド,10086,1,4,0,,,,
中華,中華,10086,1,5,0,,,,
ドレッシング,ドレッシング,10087,1,0,0,,,,
しそ,しそ,10087,1,1,0,,,,
ゴマ,ゴマ,10087,1,2,0,,,,
イタリアン,イタリアン,10087,1,3,0,,,,
サウザンアイランド,サウザンアイランド,10087,1,4,0,,,,
中華,中華,10087,1,5,0,,,,
ドレッシング,ドレッシング,10088,1,0,0,,,,
しそ,しそ,10088,1,1,0,,,,
ゴマ,ゴマ,10088,1,2,0,,,,
イタリアン,イタリアン,10088,1,3,0,,,,
サウザンアイランド,サウザンアイランド,10088,1,4,0,,,,
中華,中華,10088,1,5,0,,,,
ドレッシング,ドレッシング,10089,1,0,0,,,,
しそ,しそ,10089,1,1,0,,,,
ゴマ,ゴマ,10089,1,2,0,,,,
イタリアン,イタリアン,10089,1,3,0,,,,
サウザンアイランド,サウザンアイランド,10089,1,4,0,,,,
中華,中華,10089,1,5,0,,,,
ドレッシング,ドレッシング,10162,1,0,0,,,,
しそ,しそ,10162,1,1,0,,,,
ゴマ,ゴマ,10162,1,2,0,,,,
イタリアン,イタリアン,10162,1,3,0,,,,
サウザンアイランド,サウザンアイランド,10162,1,4,0,,,,
中華,中華,10162,1,5,0,,,,
ドレッシング,ドレッシング,10164,1,0,0,,,,
しそ,しそ,10164,1,1,0,,,,
ゴマ,ゴマ,10164,1,2,0,,,,
イタリアン,イタリアン,10164,1,3,0,,,,
サウザンアイランド,サウザンアイランド,10164,1,4,0,,,,
中華,中華,10164,1,5,0,,,,
ドレッシング,ドレッシング,10165,1,0,0,,,,
しそ,しそ,10165,1,1,0,,,,
ゴマ,ゴマ,10165,1,2,0,,,,
イタリアン,イタリアン,10165,1,3,0,,,,
サウザンアイランド,サウザンアイランド,10165,1,4,0,,,,
中華,中華,10165,1,5,0,,,,
ドレッシング,ドレッシング,10166,1,0,0,,,,
しそ,しそ,10166,1,1,0,,,,
ゴマ,ゴマ,10166,1,2,0,,,,
イタリアン,イタリアン,10166,1,3,0,,,,
サウザンアイランド,サウザンアイランド,10166,1,4,0,,,,
中華,中華,10166,1,5,0,,,,
ドレッシング,ドレッシング,10167,1,0,0,,,,
しそ,しそ,10167,1,1,0,,,,
ゴマ,ゴマ,10167,1,2,0,,,,
イタリアン,イタリアン,10167,1,3,0,,,,
サウザンアイランド,サウザンアイランド,10167,1,4,0,,,,
中華,中華,10167,1,5,0,,,,
スープ,スープ,10002,2,0,0,,,,
みそ汁,みそ汁,10002,2,1,0,,,,
コーン,コーン,10002,2,2,0,,,,
オニオン,オニオン,10002,2,3,0,,,,
中華,中華,10002,2,4,0,,,,
スープ,スープ,10082,2,0,0,,,,
みそ汁,みそ汁,10082,2,1,0,,,,
コーン,コーン,10082,2,2,1,,,,
オニオン,オニオン,10082,2,3,0,,,,
中華,中華,10082,2,4,0,,,,
スープ,スープ,10083,2,0,0,,,,
みそ汁,みそ汁,10083,2,1,1,,,,
コーン,コーン,10083,2,2,0,,,,
オニオン,オニオン,10083,2,3,0,,,,
中華,中華,10083,2,4,0,,,,
スープ,スープ,10086,2,0,0,,,,
みそ汁,みそ汁,10086,2,1,0,,,,
コーン,コーン,10086,2,2,0,,,,
オニオン,オニオン,10086,2,3,0,,,,
中華,中華,10086,2,4,0,,,,
スープ,スープ,10087,2,0,0,,,,
みそ汁,みそ汁,10087,2,1,0,,,,
コーン,コーン,10087,2,2,0,,,,
オニオン,オニオン,10087,2,3,0,,,,
中華,中華,10087,2,4,0,,,,
スープ,スープ,10088,2,0,0,,,,
みそ汁,みそ汁,10088,2,1,0,,,,
コーン,コーン,10088,2,2,0,,,,
オニオン,オニオン,10088,2,3,0,,,,
中華,中華,10088,2,4,0,,,,
スープ,スープ,10089,2,0,0,,,,
みそ汁,みそ汁,10089,2,1,0,,,,
コーン,コーン,10089,2,2,0,,,,
オニオン,オニオン,10089,2,3,0,,,,
中華,中華,10089,2,4,0,,,,
スープ,スープ,10400,2,0,0,,,,
みそ汁,みそ汁,10400,2,1,0,,,,
コーン,コーン,10400,2,2,1,,,,
オニオン,オニオン,10400,2,3,0,,,,
中華,中華,10400,2,4,0,,,,
パン・ご飯,パン・ご飯,10002,3,0,0,,,,
ご飯,ご飯,10002,3,1,0,,,,
ご飯大盛り,ご飯大盛り,10002,3,2,0,150,50,105,
パン,パン,10002,3,3,0,,,,
パン・ご飯,パン・ご飯,10004,3,0,0,,,,
ご飯,ご飯,10004,3,1,0,,,,
ご飯大盛り,ご飯大盛り,10004,3,2,0,150,50,105,
パン,パン,10004,3,3,1,,,,
パン・ご飯,パン・ご飯,10082,3,0,0,,,,
ご飯,ご飯,10082,3,1,0,,,,
ご飯大盛り,ご飯大盛り,10082,3,2,0,150,50,105,
パン,パン,10082,3,3,1,,,,
パン・ご飯,パン・ご飯,10083,3,0,0,,,,
ご飯,ご飯,10083,3,1,0,,,,
ご飯大盛り,ご飯大盛り,10083,3,2,0,150,50,105,
パン,パン,10083,3,3,1,,,,
パン・ご飯,パン・ご飯,10086,3,0,0,,,,
ご飯,ご飯,10086,3,1,0,,,,
ご飯大盛り,ご飯大盛り,10086,3,2,0,150,50,105,
パン,パン,10086,3,3,0,,,,
パン・ご飯,パン・ご飯,10087,3,0,0,,,,
ご飯,ご飯,10087,3,1,0,,,,
ご飯大盛り,ご飯大盛り,10087,3,2,0,150,50,105,
パン,パン,10087,3,3,0,,,,
パン・ご飯,パン・ご飯,10088,3,0,0,,,,
ご飯,ご飯,10088,3,1,0,,,,
ご飯大盛り,ご飯大盛り,10088,3,2,0,150,50,105,
パン,パン,10088,3,3,0,,,,
パン・ご飯,パン・ご飯,10089,3,0,0,,,,
ご飯,ご飯,10089,3,1,0,,,,
ご飯大盛り,ご飯大盛り,10089,3,2,0,150,50,105,
パン,パン,10089,3,3,0,,,,
パン・ご飯,パン・ご飯,10400,1,0,0,,,,
ご飯,ご飯,10400,1,1,0,,,,
ご飯大盛り,ご飯大盛り,10400,1,2,0,150,50,105,
パン,パン,10400,1,3,1,,,,
セット飲物,セット飲物,10400,3,0,0,,,,
ホットコーヒー,ホットコーヒー,10400,3,1,0,,,,
アイスコーヒー,アイスコーヒー,10400,3,2,0,,,,
カフェオレ（H/I）,カフェオレ（H/I）,10400,3,3,0,,,,
カプチーノ（H/I）,カプチーノ（H/I）,10400,3,4,0,,,,
紅茶,紅茶,10400,3,5,0,,,,
アイスティー,アイスティー,10400,3,6,0,,,,
アップルティー（H/I）,アップルティー（H/I）,10400,3,7,0,,,,
ロイヤルミルクティー（H/I）,ロイヤルミルクティー（H/I）,10400,3,8,0,,,,
エスプレッソ,エスプレッソ,10400,3,9,0,,,,
オレンジジュース,オレンジジュース,10400,3,10,0,,,,
アップルジュース,アップルジュース,10400,3,11,0,,,,
ミックスジュース,ミックスジュース,10400,3,12,0,,,,
トマトジュース,トマトジュース,10400,3,13,0,,,,
クラブソーダ,ｸﾗﾌﾞｿｰﾀﾞ,10400,3,14,0,,,,
コーラ,コーラ,10400,3,15,0,,,,
ウーロン茶,ウーロン茶,10400,3,16,0,,,,
無し・アルコールに変更,無し・アルコールに変更,10400,3,17,0,-300,-300,-300,
セット飲物,セット飲物,10002,4,0,0,,,,
ホットコーヒー,ホットコーヒー,10002,4,1,0,,,,
アイスコーヒー,アイスコーヒー,10002,4,2,0,,,,
カフェオレ（H/I）,カフェオレ（H/I）,10002,4,3,0,,,,
カプチーノ（H/I）,カプチーノ（H/I）,10002,4,4,0,,,,
紅茶,紅茶,10002,4,5,0,,,,
アイスティー,アイスティー,10002,4,6,0,,,,
アップルティー（H/I）,アップルティー（H/I）,10002,4,7,0,,,,
ロイヤルミルクティー（H/I）,ロイヤルミルクティー（H/I）,10002,4,8,0,,,,
エスプレッソ,エスプレッソ,10002,4,9,0,,,,
オレンジジュース,オレンジジュース,10002,4,10,0,,,,
アップルジュース,アップルジュース,10002,4,11,0,,,,
ミックスジュース,ミックスジュース,10002,4,12,0,,,,
トマトジュース,トマトジュース,10002,4,13,0,,,,
クラブソーダ,ｸﾗﾌﾞｿｰﾀﾞ,10002,4,14,0,,,,
コーラ,コーラ,10002,4,15,0,,,,
ウーロン茶,ウーロン茶,10002,4,16,0,,,,
無し・アルコールに変更,無し・アルコールに変更,10002,4,17,0,-300,-300,-300,
セット飲物,セット飲物,10003,4,0,0,,,,
ホットコーヒー,ホットコーヒー,10003,4,1,0,,,,
アイスコーヒー,アイスコーヒー,10003,4,2,0,,,,
カフェオレ（H/I）,カフェオレ（H/I）,10003,4,3,0,,,,
カプチーノ（H/I）,カプチーノ（H/I）,10003,4,4,0,,,,
紅茶,紅茶,10003,4,5,0,,,,
アイスティー,アイスティー,10003,4,6,0,,,,
アップルティー（H/I）,アップルティー（H/I）,10003,4,7,0,,,,
ロイヤルミルクティー（H/I）,ロイヤルミルクティー（H/I）,10003,4,8,0,,,,
エスプレッソ,エスプレッソ,10003,4,9,0,,,,
オレンジジュース,オレンジジュース,10003,4,10,0,,,,
アップルジュース,アップルジュース,10003,4,11,0,,,,
ミックスジュース,ミックスジュース,10003,4,12,0,,,,
トマトジュース,トマトジュース,10003,4,13,0,,,,
クラブソーダ,ｸﾗﾌﾞｿｰﾀﾞ,10003,4,14,0,,,,
コーラ,コーラ,10003,4,15,0,,,,
ウーロン茶,ウーロン茶,10003,4,16,0,,,,
無し・アルコールに変更,無し・アルコールに変更,10003,4,17,0,-300,-300,-300,
セット飲物,セット飲物,10004,4,0,0,,,,
ホットコーヒー,ホットコーヒー,10004,4,1,0,,,,
アイスコーヒー,アイスコーヒー,10004,4,2,0,,,,
カフェオレ（H/I）,カフェオレ（H/I）,10004,4,3,0,,,,
カプチーノ（H/I）,カプチーノ（H/I）,10004,4,4,0,,,,
紅茶,紅茶,10004,4,5,0,,,,
アイスティー,アイスティー,10004,4,6,0,,,,
アップルティー（H/I）,アップルティー（H/I）,10004,4,7,0,,,,
ロイヤルミルクティー（H/I）,ロイヤルミルクティー（H/I）,10004,4,8,0,,,,
エスプレッソ,エスプレッソ,10004,4,9,0,,,,
オレンジジュース,オレンジジュース,10004,4,10,0,,,,
アップルジュース,アップルジュース,10004,4,11,0,,,,
ミックスジュース,ミックスジュース,10004,4,12,0,,,,
トマトジュース,トマトジュース,10004,4,13,0,,,,
クラブソーダ,ｸﾗﾌﾞｿｰﾀﾞ,10004,4,14,0,,,,
コーラ,コーラ,10004,4,15,0,,,,
ウーロン茶,ウーロン茶,10004,4,16,0,,,,
無し・アルコールに変更,無し・アルコールに変更,10004,4,17,0,-300,-300,-300,
セット飲物,セット飲物,10005,4,0,0,,,,
ホットコーヒー,ホットコーヒー,10005,4,1,0,,,,
アイスコーヒー,アイスコーヒー,10005,4,2,0,,,,
カフェオレ（H/I）,カフェオレ（H/I）,10005,4,3,0,,,,
カプチーノ（H/I）,カプチーノ（H/I）,10005,4,4,0,,,,
紅茶,紅茶,10005,4,5,0,,,,
アイスティー,アイスティー,10005,4,6,0,,,,
アップルティー（H/I）,アップルティー（H/I）,10005,4,7,0,,,,
ロイヤルミルクティー（H/I）,ロイヤルミルクティー（H/I）,10005,4,8,0,,,,
エスプレッソ,エスプレッソ,10005,4,9,0,,,,
オレンジジュース,オレンジジュース,10005,4,10,0,,,,
アップルジュース,アップルジュース,10005,4,11,0,,,,
ミックスジュース,ミックスジュース,10005,4,12,0,,,,
トマトジュース,トマトジュース,10005,4,13,0,,,,
クラブソーダ,ｸﾗﾌﾞｿｰﾀﾞ,10005,4,14,0,,,,
コーラ,コーラ,10005,4,15,0,,,,
ウーロン茶,ウーロン茶,10005,4,16,0,,,,
無し・アルコールに変更,無し・アルコールに変更,10005,4,17,0,-300,-300,-300,
セット飲物,セット飲物,10006,4,0,0,,,,
ホットコーヒー,ホットコーヒー,10006,4,1,0,,,,
アイスコーヒー,アイスコーヒー,10006,4,2,0,,,,
カフェオレ（H/I）,カフェオレ（H/I）,10006,4,3,0,,,,
カプチーノ（H/I）,カプチーノ（H/I）,10006,4,4,0,,,,
紅茶,紅茶,10006,4,5,0,,,,
アイスティー,アイスティー,10006,4,6,0,,,,
アップルティー（H/I）,アップルティー（H/I）,10006,4,7,0,,,,
ロイヤルミルクティー（H/I）,ロイヤルミルクティー（H/I）,10006,4,8,0,,,,
エスプレッソ,エスプレッソ,10006,4,9,0,,,,
オレンジジュース,オレンジジュース,10006,4,10,0,,,,
アップルジュース,アップルジュース,10006,4,11,0,,,,
ミックスジュース,ミックスジュース,10006,4,12,0,,,,
トマトジュース,トマトジュース,10006,4,13,0,,,,
クラブソーダ,ｸﾗﾌﾞｿｰﾀﾞ,10006,4,14,0,,,,
コーラ,コーラ,10006,4,15,0,,,,
ウーロン茶,ウーロン茶,10006,4,16,0,,,,
無し・アルコールに変更,無し・アルコールに変更,10006,4,17,0,-300,-300,-300,
セット飲物,セット飲物,10007,4,0,0,,,,
ホットコーヒー,ホットコーヒー,10007,4,1,0,,,,
アイスコーヒー,アイスコーヒー,10007,4,2,0,,,,
カフェオレ（H/I）,カフェオレ（H/I）,10007,4,3,0,,,,
カプチーノ（H/I）,カプチーノ（H/I）,10007,4,4,0,,,,
紅茶,紅茶,10007,4,5,0,,,,
アイスティー,アイスティー,10007,4,6,0,,,,
アップルティー（H/I）,アップルティー（H/I）,10007,4,7,0,,,,
ロイヤルミルクティー（H/I）,ロイヤルミルクティー（H/I）,10007,4,8,0,,,,
エスプレッソ,エスプレッソ,10007,4,9,0,,,,
オレンジジュース,オレンジジュース,10007,4,10,0,,,,
アップルジュース,アップルジュース,10007,4,11,0,,,,
ミックスジュース,ミックスジュース,10007,4,12,0,,,,
トマトジュース,トマトジュース,10007,4,13,0,,,,
クラブソーダ,ｸﾗﾌﾞｿｰﾀﾞ,10007,4,14,0,,,,
コーラ,コーラ,10007,4,15,0,,,,
ウーロン茶,ウーロン茶,10007,4,16,0,,,,
セット飲物,セット飲物,10082,4,0,0,,,,
ホットコーヒー,ホットコーヒー,10082,4,1,0,,,,
アイスコーヒー,アイスコーヒー,10082,4,2,0,,,,
カフェオレ（H/I）,カフェオレ（H/I）,10082,4,3,0,,,,
カプチーノ（H/I）,カプチーノ（H/I）,10082,4,4,0,,,,
紅茶,紅茶,10082,4,5,0,,,,
アイスティー,アイスティー,10082,4,6,0,,,,
アップルティー（H/I）,アップルティー（H/I）,10082,4,7,0,,,,
ロイヤルミルクティー（H/I）,ロイヤルミルクティー（H/I）,10082,4,8,0,,,,
エスプレッソ,エスプレッソ,10082,4,9,0,,,,
オレンジジュース,オレンジジュース,10082,4,10,0,,,,
アップルジュース,アップルジュース,10082,4,11,0,,,,
ミックスジュース,ミックスジュース,10082,4,12,0,,,,
トマトジュース,トマトジュース,10082,4,13,0,,,,
クラブソーダ,ｸﾗﾌﾞｿｰﾀﾞ,10082,4,14,0,,,,
コーラ,コーラ,10082,4,15,0,,,,
ウーロン茶,ウーロン茶,10082,4,16,0,,,,
無し・アルコールに変更,無し・アルコールに変更,10082,4,17,0,-300,-300,-300,
セット飲物,セット飲物,10086,4,0,0,,,,
ホットコーヒー,ホットコーヒー,10086,4,1,0,,,,
アイスコーヒー,アイスコーヒー,10086,4,2,0,,,,
カフェオレ（H/I）,カフェオレ（H/I）,10086,4,3,0,,,,
カプチーノ（H/I）,カプチーノ（H/I）,10086,4,4,0,,,,
紅茶,紅茶,10086,4,5,0,,,,
アイスティー,アイスティー,10086,4,6,0,,,,
アップルティー（H/I）,アップルティー（H/I）,10086,4,7,0,,,,
ロイヤルミルクティー（H/I）,ロイヤルミルクティー（H/I）,10086,4,8,0,,,,
エスプレッソ,エスプレッソ,10086,4,9,0,,,,
オレンジジュース,オレンジジュース,10086,4,10,0,,,,
アップルジュース,アップルジュース,10086,4,11,0,,,,
ミックスジュース,ミックスジュース,10086,4,12,0,,,,
トマトジュース,トマトジュース,10086,4,13,0,,,,
クラブソーダ,ｸﾗﾌﾞｿｰﾀﾞ,10086,4,14,0,,,,
コーラ,コーラ,10086,4,15,0,,,,
ウーロン茶,ウーロン茶,10086,4,16,0,,,,
無し・アルコールに変更,無し・アルコールに変更,10086,4,17,0,-300,-300,-300,
セット飲物,セット飲物,10087,4,0,0,,,,
ホットコーヒー,ホットコーヒー,10087,4,1,0,,,,
アイスコーヒー,アイスコーヒー,10087,4,2,0,,,,
カフェオレ（H/I）,カフェオレ（H/I）,10087,4,3,0,,,,
カプチーノ（H/I）,カプチーノ（H/I）,10087,4,4,0,,,,
紅茶,紅茶,10087,4,5,0,,,,
アイスティー,アイスティー,10087,4,6,0,,,,
アップルティー（H/I）,アップルティー（H/I）,10087,4,7,0,,,,
ロイヤルミルクティー（H/I）,ロイヤルミルクティー（H/I）,10087,4,8,0,,,,
エスプレッソ,エスプレッソ,10087,4,9,0,,,,
オレンジジュース,オレンジジュース,10087,4,10,0,,,,
アップルジュース,アップルジュース,10087,4,11,0,,,,
ミックスジュース,ミックスジュース,10087,4,12,0,,,,
トマトジュース,トマトジュース,10087,4,13,0,,,,
クラブソーダ,ｸﾗﾌﾞｿｰﾀﾞ,10087,4,14,0,,,,
コーラ,コーラ,10087,4,15,0,,,,
ウーロン茶,ウーロン茶,10087,4,16,0,,,,
無し・アルコールに変更,無し・アルコールに変更,10087,4,17,0,-300,-300,-300,
セット飲物,セット飲物,10088,4,0,0,,,,
ホットコーヒー,ホットコーヒー,10088,4,1,0,,,,
アイスコーヒー,アイスコーヒー,10088,4,2,0,,,,
カフェオレ（H/I）,カフェオレ（H/I）,10088,4,3,0,,,,
カプチーノ（H/I）,カプチーノ（H/I）,10088,4,4,0,,,,
紅茶,紅茶,10088,4,5,0,,,,
アイスティー,アイスティー,10088,4,6,0,,,,
アップルティー（H/I）,アップルティー（H/I）,10088,4,7,0,,,,
ロイヤルミルクティー（H/I）,ロイヤルミルクティー（H/I）,10088,4,8,0,,,,
エスプレッソ,エスプレッソ,10088,4,9,0,,,,
オレンジジュース,オレンジジュース,10088,4,10,0,,,,
アップルジュース,アップルジュース,10088,4,11,0,,,,
ミックスジュース,ミックスジュース,10088,4,12,0,,,,
トマトジュース,トマトジュース,10088,4,13,0,,,,
クラブソーダ,ｸﾗﾌﾞｿｰﾀﾞ,10088,4,14,0,,,,
コーラ,コーラ,10088,4,15,0,,,,
ウーロン茶,ウーロン茶,10088,4,16,0,,,,
無し・アルコールに変更,無し・アルコールに変更,10088,4,17,0,-300,-300,-300,
セット飲物,セット飲物,10089,4,0,0,,,,
ホットコーヒー,ホットコーヒー,10089,4,1,0,,,,
アイスコーヒー,アイスコーヒー,10089,4,2,0,,,,
カフェオレ（H/I）,カフェオレ（H/I）,10089,4,3,0,,,,
カプチーノ（H/I）,カプチーノ（H/I）,10089,4,4,0,,,,
紅茶,紅茶,10089,4,5,0,,,,
アイスティー,アイスティー,10089,4,6,0,,,,
アップルティー（H/I）,アップルティー（H/I）,10089,4,7,0,,,,
ロイヤルミルクティー（H/I）,ロイヤルミルクティー（H/I）,10089,4,8,0,,,,
エスプレッソ,エスプレッソ,10089,4,9,0,,,,
オレンジジュース,オレンジジュース,10089,4,10,0,,,,
アップルジュース,アップルジュース,10089,4,11,0,,,,
ミックスジュース,ミックスジュース,10089,4,12,0,,,,
トマトジュース,トマトジュース,10089,4,13,0,,,,
クラブソーダ,ｸﾗﾌﾞｿｰﾀﾞ,10089,4,14,0,,,,
コーラ,コーラ,10089,4,15,0,,,,
ウーロン茶,ウーロン茶,10089,4,16,0,,,,
無し・アルコールに変更,無し・アルコールに変更,10089,4,17,0,-300,-300,-300,
セット飲物,セット飲物,10090,4,0,0,,,,
ホットコーヒー,ホットコーヒー,10090,4,1,0,,,,
アイスコーヒー,アイスコーヒー,10090,4,2,0,,,,
カフェオレ（H/I）,カフェオレ（H/I）,10090,4,3,0,,,,
カプチーノ（H/I）,カプチーノ（H/I）,10090,4,4,0,,,,
紅茶,紅茶,10090,4,5,0,,,,
アイスティー,アイスティー,10090,4,6,0,,,,
アップルティー（H/I）,アップルティー（H/I）,10090,4,7,0,,,,
ロイヤルミルクティー（H/I）,ロイヤルミルクティー（H/I）,10090,4,8,0,,,,
エスプレッソ,エスプレッソ,10090,4,9,0,,,,
オレンジジュース,オレンジジュース,10090,4,10,1,,,,
アップルジュース,アップルジュース,10090,4,11,0,,,,
ミックスジュース,ミックスジュース,10090,4,12,0,,,,
トマトジュース,トマトジュース,10090,4,13,0,,,,
クラブソーダ,ｸﾗﾌﾞｿｰﾀﾞ,10090,4,14,0,,,,
コーラ,コーラ,10090,4,15,0,,,,
ウーロン茶,ウーロン茶,10090,4,16,0,,,,
無し・アルコールに変更,無し・アルコールに変更,10090,4,17,0,-300,-300,-300,
デザート,デザート,10002,5,0,0,,,,
アイスクリーム,アイスクリーム,10002,5,1,0,,,,
ミニパンケーキ,ミニパンケーキ,10002,5,2,0,,,,
みたらし団子,みたらし団子,10002,5,3,0,,,,
特製杏仁豆腐,特製杏仁豆腐,10002,5,4,0,,,,
デザート,デザート,10082,5,0,0,,,,
アイスクリーム,アイスクリーム,10082,5,1,1,,,,
ミニパンケーキ,ミニパンケーキ,10082,5,2,0,,,,
みたらし団子,みたらし団子,10082,5,3,0,,,,
特製杏仁豆腐,特製杏仁豆腐,10082,5,4,0,,,,
デザート,デザート,10087,5,0,0,,,,
アイスクリーム,アイスクリーム,10087,5,1,0,,,,
ミニパンケーキ,ミニパンケーキ,10087,5,2,0,,,,
みたらし団子,みたらし団子,10087,5,3,0,,,,
特製杏仁豆腐,特製杏仁豆腐,10087,5,4,0,,,,
デザート,デザート,10088,5,0,0,,,,
アイスクリーム,アイスクリーム,10088,5,1,0,,,,
ミニパンケーキ,ミニパンケーキ,10088,5,2,0,,,,
みたらし団子,みたらし団子,10088,5,3,0,,,,
特製杏仁豆腐,特製杏仁豆腐,10088,5,4,0,,,,
デザート,デザート,10089,5,0,0,,,,
アイスクリーム,アイスクリーム,10089,5,1,0,,,,
ミニパンケーキ,ミニパンケーキ,10089,5,2,0,,,,
みたらし団子,みたらし団子,10089,5,3,0,,,,
特製杏仁豆腐,特製杏仁豆腐,10089,5,4,0,,,,
ワイン,ワイン,10330,6,0,0,,,,
赤,赤,10330,6,1,0,,,,
白,白,10330,6,2,0,,,,
ロゼ,ロゼ,10330,6,4,0,,,,
ワイン,ワイン,10331,6,0,0,,,,
赤,赤,10331,6,1,0,,,,
白,白,10331,6,2,0,,,,
ロゼ,ロゼ,10331,6,4,0,,,,
ワイン,ワイン,10332,6,0,0,,,,
赤,赤,10332,6,1,0,,,,
白,白,10332,6,2,0,,,,
ロゼ,ロゼ,10332,6,4,0,,,,
酎ハイ,酎ハイ,10340,7,0,0,,,,
レモン,レモン,10340,7,1,0,,,,
ライム,ライム,10340,7,2,0,,,,
カルピス,カルピス,10340,7,3,0,,,,
青リンゴ,青リンゴ,10340,7,4,0,,,,
グレープ,グレープ,10340,7,5,0,,,,
ウーロン,ウーロン,10340,7,6,0,,,,
緑茶,緑茶,10340,7,7,0,,,,
ライチ,ライチ,10340,7,8,0,,,,
プレーン,プレーン,10340,7,9,0,,,,
ハイボール,ハイボール,10341,8,0,0,,,,
プレーン,プレーン,10341,8,1,0,,,,
コーク,コーク,10341,8,2,0,,,,
レモン,レモン,10341,8,3,0,,,,
ライム,ライム,10341,8,4,0,,,,
ジンジャー,ジンジャー,10341,8,5,0,,,,
トニック,トニック,10341,8,6,0,,,,
ゆず,ゆず,10341,8,7,0,,,,
梅,梅,10341,8,8,0,,,,
シークゥーワーサー,シークゥーワーサー,10341,8,9,0,,,,
のみ方,のみ方,10270,9,0,0,,,,
ストレート,ストレート,10270,9,1,0,,,,
ロック,ロック,10270,9,2,0,,,,
水割り,水割り,10270,9,3,0,,,,
ソーダ割り,ソーダ割り,10270,9,4,0,,,,
ソーダ割り（レモン）,ソーダ割り（レモン）,10270,9,5,0,50,40,35,
お湯割り,お湯割り,10270,9,6,0,,,,
お湯割り（梅干）,お湯割り（梅干）,10270,9,7,0,80,50,56,
お湯割り（レモン）,お湯割り（レモン）,10270,9,8,0,50,40,35,
お湯割り（クローブ）,お湯割り（クローブ）,10270,9,9,0,50,40,35,
のみ方,のみ方,10271,9,0,0,,,,
ストレート,ストレート,10271,9,1,0,,,,
ロック,ロック,10271,9,2,0,,,,
水割り,水割り,10271,9,3,0,,,,
ソーダ割り,ソーダ割り,10271,9,4,0,,,,
ソーダ割り（レモン）,ソーダ割り（レモン）,10271,9,5,0,50,40,35,
お湯割り,お湯割り,10271,9,6,0,,,,
お湯割り（梅干）,お湯割り（梅干）,10271,9,7,0,80,50,56,
お湯割り（レモン）,お湯割り（レモン）,10271,9,8,0,50,40,35,
お湯割り（クローブ）,お湯割り（クローブ）,10271,9,9,0,50,40,35,
のみ方,のみ方,10272,9,0,0,,,,
ストレート,ストレート,10272,9,1,0,,,,
ロック,ロック,10272,9,2,0,,,,
水割り,水割り,10272,9,3,0,,,,
ソーダ割り,ソーダ割り,10272,9,4,0,,,,
ソーダ割り（レモン）,ソーダ割り（レモン）,10272,9,5,0,50,40,35,
お湯割り,お湯割り,10272,9,6,0,,,,
お湯割り（梅干）,お湯割り（梅干）,10272,9,7,0,80,50,56,
お湯割り（レモン）,お湯割り（レモン）,10272,9,8,0,50,40,35,
お湯割り（クローブ）,お湯割り（クローブ）,10272,9,9,0,50,40,35,
のみ方,のみ方,10273,9,0,0,,,,
ストレート,ストレート,10273,9,1,0,,,,
ロック,ロック,10273,9,2,0,,,,
水割り,水割り,10273,9,3,0,,,,
ソーダ割り,ソーダ割り,10273,9,4,0,,,,
ソーダ割り（レモン）,ソーダ割り（レモン）,10273,9,5,0,50,40,35,
お湯割り,お湯割り,10273,9,6,0,,,,
お湯割り（梅干）,お湯割り（梅干）,10273,9,7,0,80,50,56,
お湯割り（レモン）,お湯割り（レモン）,10273,9,8,0,50,40,35,
お湯割り（クローブ）,お湯割り（クローブ）,10273,9,9,0,50,40,35,
のみ方,のみ方,10274,9,0,0,,,,
ストレート,ストレート,10274,9,1,0,,,,
ロック,ロック,10274,9,2,0,,,,
水割り,水割り,10274,9,3,0,,,,
ソーダ割り,ソーダ割り,10274,9,4,0,,,,
ソーダ割り（レモン）,ソーダ割り（レモン）,10274,9,5,0,50,40,35,
お湯割り,お湯割り,10274,9,6,0,,,,
お湯割り（梅干）,お湯割り（梅干）,10274,9,7,0,80,50,56,
お湯割り（レモン）,お湯割り（レモン）,10274,9,8,0,50,40,35,
お湯割り（クローブ）,お湯割り（クローブ）,10274,9,9,0,50,40,35,
のみ方,のみ方,10275,9,0,0,,,,
ストレート,ストレート,10275,9,1,0,,,,
ロック,ロック,10275,9,2,0,,,,
水割り,水割り,10275,9,3,0,,,,
ソーダ割り,ソーダ割り,10275,9,4,0,,,,
ソーダ割り（レモン）,ソーダ割り（レモン）,10275,9,5,0,50,40,35,
お湯割り,お湯割り,10275,9,6,0,,,,
お湯割り（梅干）,お湯割り（梅干）,10275,9,7,0,80,50,56,
お湯割り（レモン）,お湯割り（レモン）,10275,9,8,0,50,40,35,
お湯割り（クローブ）,お湯割り（クローブ）,10275,9,9,0,50,40,35,
のみ方,のみ方,10276,9,0,0,,,,
ストレート,ストレート,10276,9,1,0,,,,
ロック,ロック,10276,9,2,0,,,,
水割り,水割り,10276,9,3,0,,,,
ソーダ割り,ソーダ割り,10276,9,4,0,,,,
ソーダ割り（レモン）,ソーダ割り（レモン）,10276,9,5,0,50,40,35,
お湯割り,お湯割り,10276,9,6,0,,,,
お湯割り（梅干）,お湯割り（梅干）,10276,9,7,0,80,50,56,
お湯割り（レモン）,お湯割り（レモン）,10276,9,8,0,50,40,35,
お湯割り（クローブ）,お湯割り（クローブ）,10276,9,9,0,50,40,35,
のみ方,のみ方,10277,9,0,0,,,,
ストレート,ストレート,10277,9,1,0,,,,
ロック,ロック,10277,9,2,0,,,,
水割り,水割り,10277,9,3,0,,,,
ソーダ割り,ソーダ割り,10277,9,4,0,,,,
ソーダ割り（レモン）,ソーダ割り（レモン）,10277,9,5,0,50,40,35,
お湯割り,お湯割り,10277,9,6,0,,,,
お湯割り（梅干）,お湯割り（梅干）,10277,9,7,0,80,50,56,
お湯割り（レモン）,お湯割り（レモン）,10277,9,8,0,50,40,35,
お湯割り（クローブ）,お湯割り（クローブ）,10277,9,9,0,50,40,35,
のみ方,のみ方,10278,9,0,0,,,,
ストレート,ストレート,10278,9,1,0,,,,
ロック,ロック,10278,9,2,0,,,,
水割り,水割り,10278,9,3,0,,,,
ソーダ割り,ソーダ割り,10278,9,4,0,,,,
ソーダ割り（レモン）,ソーダ割り（レモン）,10278,9,5,0,50,40,35,
お湯割り,お湯割り,10278,9,6,0,,,,
お湯割り（梅干）,お湯割り（梅干）,10278,9,7,0,80,50,56,
お湯割り（レモン）,お湯割り（レモン）,10278,9,8,0,50,40,35,
お湯割り（クローブ）,お湯割り（クローブ）,10278,9,9,0,50,40,35,
のみ方,のみ方,10279,9,0,0,,,,
ストレート,ストレート,10279,9,1,0,,,,
ロック,ロック,10279,9,2,0,,,,
水割り,水割り,10279,9,3,0,,,,
ソーダ割り,ソーダ割り,10279,9,4,0,,,,
ソーダ割り（レモン）,ソーダ割り（レモン）,10279,9,5,0,50,40,35,
お湯割り,お湯割り,10279,9,6,0,,,,
お湯割り（梅干）,お湯割り（梅干）,10279,9,7,0,80,50,56,
お湯割り（レモン）,お湯割り（レモン）,10279,9,8,0,50,40,35,
お湯割り（クローブ）,お湯割り（クローブ）,10279,9,9,0,50,40,35,
のみ方,のみ方,10310,9,0,0,,,,
ストレート,ストレート,10310,9,1,0,,,,
ロック,ロック,10310,9,2,0,,,,
水割り,水割り,10310,9,3,0,,,,
ソーダ割り,ソーダ割り,10310,9,4,0,,,,
ソーダ割り（レモン）,ソーダ割り（レモン）,10310,9,5,0,50,40,35,
お湯割り,お湯割り,10310,9,6,0,,,,
お湯割り（梅干）,お湯割り（梅干）,10310,9,7,0,80,50,56,
お湯割り（レモン）,お湯割り（レモン）,10310,9,8,0,50,40,35,
お湯割り（クローブ）,お湯割り（クローブ）,10310,9,9,0,50,40,35,
のみ方,のみ方,10311,9,0,0,,,,
ストレート,ストレート,10311,9,1,0,,,,
ロック,ロック,10311,9,2,0,,,,
水割り,水割り,10311,9,3,0,,,,
ソーダ割り,ソーダ割り,10311,9,4,0,,,,
ソーダ割り（レモン）,ソーダ割り（レモン）,10311,9,5,0,50,40,35,
お湯割り,お湯割り,10311,9,6,0,,,,
お湯割り（梅干）,お湯割り（梅干）,10311,9,7,0,80,50,56,
お湯割り（レモン）,お湯割り（レモン）,10311,9,8,0,50,40,35,
お湯割り（クローブ）,お湯割り（クローブ）,10311,9,9,0,50,40,35,
のみ方,のみ方,10312,9,0,0,,,,
ストレート,ストレート,10312,9,1,0,,,,
ロック,ロック,10312,9,2,0,,,,
水割り,水割り,10312,9,3,0,,,,
ソーダ割り,ソーダ割り,10312,9,4,0,,,,
ソーダ割り（レモン）,ソーダ割り（レモン）,10312,9,5,0,50,40,35,
お湯割り,お湯割り,10312,9,6,0,,,,
お湯割り（梅干）,お湯割り（梅干）,10312,9,7,0,80,50,56,
お湯割り（レモン）,お湯割り（レモン）,10312,9,8,0,50,40,35,
お湯割り（クローブ）,お湯割り（クローブ）,10312,9,9,0,50,40,35,
のみ方,のみ方,10313,9,0,0,,,,
ストレート,ストレート,10313,9,1,0,,,,
ロック,ロック,10313,9,2,0,,,,
水割り,水割り,10313,9,3,0,,,,
ソーダ割り,ソーダ割り,10313,9,4,0,,,,
ソーダ割り（レモン）,ソーダ割り（レモン）,10313,9,5,0,50,40,35,
お湯割り,お湯割り,10313,9,6,0,,,,
お湯割り（梅干）,お湯割り（梅干）,10313,9,7,0,80,50,56,
お湯割り（レモン）,お湯割り（レモン）,10313,9,8,0,50,40,35,
お湯割り（クローブ）,お湯割り（クローブ）,10313,9,9,0,50,40,35,
のみ方,のみ方,10314,9,0,0,,,,
ストレート,ストレート,10314,9,1,0,,,,
ロック,ロック,10314,9,2,0,,,,
水割り,水割り,10314,9,3,0,,,,
ソーダ割り,ソーダ割り,10314,9,4,0,,,,
ソーダ割り（レモン）,ソーダ割り（レモン）,10314,9,5,0,50,40,35,
お湯割り,お湯割り,10314,9,6,0,,,,
お湯割り（梅干）,お湯割り（梅干）,10314,9,7,0,80,50,56,
お湯割り（レモン）,お湯割り（レモン）,10314,9,8,0,50,40,35,
お湯割り（クローブ）,お湯割り（クローブ）,10314,9,9,0,50,40,35,
のみ方,のみ方,10315,9,0,0,,,,
ストレート,ストレート,10315,9,1,0,,,,
ロック,ロック,10315,9,2,0,,,,
水割り,水割り,10315,9,3,0,,,,
ソーダ割り,ソーダ割り,10315,9,4,0,,,,
ソーダ割り（レモン）,ソーダ割り（レモン）,10315,9,5,0,50,40,35,
お湯割り,お湯割り,10315,9,6,0,,,,
お湯割り（梅干）,お湯割り（梅干）,10315,9,7,0,80,50,56,
お湯割り（レモン）,お湯割り（レモン）,10315,9,8,0,50,40,35,
お湯割り（クローブ）,お湯割り（クローブ）,10315,9,9,0,50,40,35,
のみ方,のみ方,10316,9,0,0,,,,
ストレート,ストレート,10316,9,1,0,,,,
ロック,ロック,10316,9,2,0,,,,
水割り,水割り,10316,9,3,0,,,,
ソーダ割り,ソーダ割り,10316,9,4,0,,,,
ソーダ割り（レモン）,ソーダ割り（レモン）,10316,9,5,0,50,40,35,
お湯割り,お湯割り,10316,9,6,0,,,,
お湯割り（梅干）,お湯割り（梅干）,10316,9,7,0,80,50,56,
お湯割り（レモン）,お湯割り（レモン）,10316,9,8,0,50,40,35,
お湯割り（クローブ）,お湯割り（クローブ）,10316,9,9,0,50,40,35,
のみ方,のみ方,10317,9,0,0,,,,
ストレート,ストレート,10317,9,1,0,,,,
ロック,ロック,10317,9,2,0,,,,
水割り,水割り,10317,9,3,0,,,,
ソーダ割り,ソーダ割り,10317,9,4,0,,,,
ソーダ割り（レモン）,ソーダ割り（レモン）,10317,9,5,0,50,40,35,
お湯割り,お湯割り,10317,9,6,0,,,,
お湯割り（梅干）,お湯割り（梅干）,10317,9,7,0,80,50,56,
お湯割り（レモン）,お湯割り（レモン）,10317,9,8,0,50,40,35,
お湯割り（クローブ）,お湯割り（クローブ）,10317,9,9,0,50,40,35,
のみ方,のみ方,10318,9,0,0,,,,
ストレート,ストレート,10318,9,1,0,,,,
ロック,ロック,10318,9,2,0,,,,
水割り,水割り,10318,9,3,0,,,,
ソーダ割り,ソーダ割り,10318,9,4,0,,,,
ソーダ割り（レモン）,ソーダ割り（レモン）,10318,9,5,0,50,40,35,
お湯割り,お湯割り,10318,9,6,0,,,,
お湯割り（梅干）,お湯割り（梅干）,10318,9,7,0,80,50,56,
お湯割り（レモン）,お湯割り（レモン）,10318,9,8,0,50,40,35,
お湯割り（クローブ）,お湯割り（クローブ）,10318,9,9,0,50,40,35,
のみ方,のみ方,10319,9,0,0,,,,
ストレート,ストレート,10319,9,1,0,,,,
ロック,ロック,10319,9,2,0,,,,
水割り,水割り,10319,9,3,0,,,,
ソーダ割り,ソーダ割り,10319,9,4,0,,,,
ソーダ割り（レモン）,ソーダ割り（レモン）,10319,9,5,0,50,40,35,
お湯割り,お湯割り,10319,9,6,0,,,,
お湯割り（梅干）,お湯割り（梅干）,10319,9,7,0,80,50,56,
お湯割り（レモン）,お湯割り（レモン）,10319,9,8,0,50,40,35,
お湯割り（クローブ）,お湯割り（クローブ）,10319,9,9,0,50,40,35,
のみ方,のみ方,10320,9,0,0,,,,
ストレート,ストレート,10320,9,1,0,,,,
ロック,ロック,10320,9,2,0,,,,
水割り,水割り,10320,9,3,0,,,,
ソーダ割り,ソーダ割り,10320,9,4,0,,,,
ソーダ割り（レモン）,ソーダ割り（レモン）,10320,9,5,0,50,40,35,
お湯割り,お湯割り,10320,9,6,0,,,,
お湯割り（梅干）,お湯割り（梅干）,10320,9,7,0,80,50,56,
お湯割り（レモン）,お湯割り（レモン）,10320,9,8,0,50,40,35,
お湯割り（クローブ）,お湯割り（クローブ）,10320,9,9,0,50,40,35,
のみ方,のみ方,10321,9,0,0,,,,
ストレート,ストレート,10321,9,1,0,,,,
ロック,ロック,10321,9,2,0,,,,
水割り,水割り,10321,9,3,0,,,,
ソーダ割り,ソーダ割り,10321,9,4,0,,,,
ソーダ割り（レモン）,ソーダ割り（レモン）,10321,9,5,0,50,40,35,
お湯割り,お湯割り,10321,9,6,0,,,,
お湯割り（梅干）,お湯割り（梅干）,10321,9,7,0,80,50,56,
お湯割り（レモン）,お湯割り（レモン）,10321,9,8,0,50,40,35,
お湯割り（クローブ）,お湯割り（クローブ）,10321,9,9,0,50,40,35,
焼き方,焼き方,10082,10,0,0,,,,
レア,レア,10082,10,1,0,,,,
ミディアム,ミディアム,10082,10,2,1,,,,
ウェルダン,ウェルダン,10082,10,3,0,,,,
味付け,味付け,10192,11,0,0,,,,
塩,塩,10192,11,1,0,,,,
タレ,タレ,10192,11,2,0,,,,
塩・タレ,塩・タレ,10192,11,3,1,,,,
味付け,味付け,10193,11,0,0,,,,
塩,塩,10193,11,1,0,,,,
タレ,タレ,10193,11,2,0,,,,
塩・タレ,塩・タレ,10193,11,3,1,,,,
デザートドリンク,デザートドリンク,10225,12,0,0,,,,
ホットコーヒー,ホットコーヒー,10225,12,1,0,,,,
アイスコーヒー,アイスコーヒー,10225,12,2,0,,,,
カフェオレ（H/I）,カフェオレ（H/I）,10225,12,3,0,,,,
カプチーノ（H/I）,カプチーノ（H/I）,10225,12,4,0,,,,
紅茶,紅茶,10225,12,5,0,,,,
アイスティー,アイスティー,10225,12,6,0,,,,
アップルティー（H/I）,アップルティー（H/I）,10225,12,7,0,,,,
ロイヤルミルクティー（H/I）,ロイヤルミルクティー（H/I）,10225,12,8,0,,,,
エスプレッソ,エスプレッソ,10225,12,9,0,,,,
オレンジジュース,オレンジジュース,10225,12,10,0,,,,
アップルジュース,アップルジュース,10225,12,11,0,,,,
ミックスジュース,ミックスジュース,10225,12,12,0,,,,
トマトジュース,トマトジュース,10225,12,13,0,,,,
クラブソーダ,ｸﾗﾌﾞｿｰﾀﾞ,10225,12,14,0,,,,
コーラ,コーラ,10225,12,15,0,,,,
ウーロン茶,ウーロン茶,10225,12,16,0,,,,
うどん・そば,うどん・そば,10020,1,0,0,,,,
うどん,うどん,10020,1,1,1,,,,
蕎麦,蕎麦,10020,1,2,0,,,,
冷うどん,冷うどん,10020,1,3,0,,,,
もりそば,もりそば,10020,1,4,0,,,,
うどん・そば,うどん・そば,10021,1,0,0,,,,
うどん,うどん,10021,1,1,1,,,,
蕎麦,蕎麦,10021,1,2,0,,,,
冷うどん,冷うどん,10021,1,3,0,,,,
もりそば,もりそば,10021,1,4,0,,,,
うどん・そば,うどん・そば,10022,1,0,0,,,,
うどん,うどん,10022,1,1,1,,,,
蕎麦,蕎麦,10022,1,2,0,,,,
冷うどん,冷うどん,10022,1,3,0,,,,
もりそば,もりそば,10022,1,4,0,,,,
うどん・そば,うどん・そば,10023,1,0,0,,,,
うどん,うどん,10023,1,1,1,,,,
蕎麦,蕎麦,10023,1,2,0,,,,
冷うどん,冷うどん,10023,1,3,0,,,,
もりそば,もりそば,10023,1,4,0,,,,
うどん・そば,うどん・そば,10024,1,0,0,,,,
うどん,うどん,10024,1,1,1,,,,
蕎麦,蕎麦,10024,1,2,0,,,,
冷うどん,冷うどん,10024,1,3,0,,,,
もりそば,もりそば,10024,1,4,0,,,,
うどん・そば,うどん・そば,10025,1,0,0,,,,
うどん,うどん,10025,1,1,1,,,,
蕎麦,蕎麦,10025,1,2,0,,,,
冷うどん,冷うどん,10025,1,3,0,,,,
もりそば,もりそば,10025,1,4,0,,,,
パン・ご飯,パン・ご飯,10401,1,0,0,,,,
ご飯,ご飯,10401,1,1,0,,,,
ご飯大盛り,ご飯大盛り,10401,1,2,0,150,50,105,
パン,パン,10401,1,3,1,,,,
スープ,スープ,10401,2,0,0,,,,
みそ汁,みそ汁,10401,2,1,0,,,,
コーン,コーン,10401,2,2,1,,,,
オニオン,オニオン,10401,2,3,0,,,,
中華,中華,10401,2,4,0,,,,
セット飲物,セット飲物,10401,3,0,0,,,,
ホットコーヒー,ホットコーヒー,10401,3,1,0,,,,
アイスコーヒー,アイスコーヒー,10401,3,2,0,,,,
カフェオレ（H/I）,カフェオレ（H/I）,10401,3,3,0,,,,
カプチーノ（H/I）,カプチーノ（H/I）,10401,3,4,0,,,,
紅茶,紅茶,10401,3,5,0,,,,
アイスティー,アイスティー,10401,3,6,0,,,,
アップルティー（H/I）,アップルティー（H/I）,10401,3,7,0,,,,
ロイヤルミルクティー（H/I）,ロイヤルミルクティー（H/I）,10401,3,8,0,,,,
エスプレッソ,エスプレッソ,10401,3,9,0,,,,
オレンジジュース,オレンジジュース,10401,3,10,0,,,,
アップルジュース,アップルジュース,10401,3,11,0,,,,
ミックスジュース,ミックスジュース,10401,3,12,0,,,,
トマトジュース,トマトジュース,10401,3,13,0,,,,
クラブソーダ,ｸﾗﾌﾞｿｰﾀﾞ,10401,3,14,0,,,,
コーラ,コーラ,10401,3,15,0,,,,
ウーロン茶,ウーロン茶,10401,3,16,0,,,,
無し・アルコールに変更,無し・アルコールに変更,10401,3,17,0,-300,-300,-300,
オムレツ,オムレツ,10402,1,0,0,,,,
ベジタブル&チーズ,ベジタブル&チーズ,10402,1,1,0,,,,
ハム&チーズ,ハム&チーズ,10402,1,2,0,,,,
ベーコン&チーズ,ベーコン&チーズ,10402,1,3,0,,,,
ハム&ベジタブル,ハム&ベジタブル,10402,1,4,0,,,,
ベーコン&ベジタブル,ベーコン&ベジタブル,10402,1,5,0,,,,
Wチーズ,Wチーズ,10402,1,6,0,,,,
プレーンWサイズ,プレーンWサイズ,10402,1,7,0,,,,
スープ,スープ,10402,2,0,0,,,,
みそ汁,みそ汁,10402,2,1,0,,,,
コーン,コーン,10402,2,2,1,,,,
オニオン,オニオン,10402,2,3,0,,,,
中華,中華,10402,2,4,0,,,,
セット飲物,セット飲物,10402,3,0,0,,,,
ホットコーヒー,ホットコーヒー,10402,3,1,0,,,,
アイスコーヒー,アイスコーヒー,10402,3,2,0,,,,
カフェオレ（H/I）,カフェオレ（H/I）,10402,3,3,0,,,,
カプチーノ（H/I）,カプチーノ（H/I）,10402,3,4,0,,,,
紅茶,紅茶,10402,3,5,0,,,,
アイスティー,アイスティー,10402,3,6,0,,,,
アップルティー（H/I）,アップルティー（H/I）,10402,3,7,0,,,,
ロイヤルミルクティー（H/I）,ロイヤルミルクティー（H/I）,10402,3,8,0,,,,
エスプレッソ,エスプレッソ,10402,3,9,0,,,,
オレンジジュース,オレンジジュース,10402,3,10,0,,,,
アップルジュース,アップルジュース,10402,3,11,0,,,,
ミックスジュース,ミックスジュース,10402,3,12,0,,,,
トマトジュース,トマトジュース,10402,3,13,0,,,,
クラブソーダ,ｸﾗﾌﾞｿｰﾀﾞ,10402,3,14,0,,,,
コーラ,コーラ,10402,3,15,0,,,,
ウーロン茶,ウーロン茶,10402,3,16,0,,,,
無し・アルコールに変更,無し・アルコールに変更,10402,3,17,0,-300,-300,-300,
セット飲物,セット飲物,10403,1,0,0,,,,
ホットコーヒー,ホットコーヒー,10403,1,1,0,,,,
アイスコーヒー,アイスコーヒー,10403,1,2,0,,,,
カフェオレ（H/I）,カフェオレ（H/I）,10403,1,3,0,,,,
カプチーノ（H/I）,カプチーノ（H/I）,10403,1,4,0,,,,
紅茶,紅茶,10403,1,5,0,,,,
アイスティー,アイスティー,10403,1,6,0,,,,
アップルティー（H/I）,アップルティー（H/I）,10403,1,7,0,,,,
ロイヤルミルクティー（H/I）,ロイヤルミルクティー（H/I）,10403,1,8,0,,,,
エスプレッソ,エスプレッソ,10403,1,9,0,,,,
オレンジジュース,オレンジジュース,10403,1,10,0,,,,
アップルジュース,アップルジュース,10403,1,11,0,,,,
ミックスジュース,ミックスジュース,10403,1,12,0,,,,
トマトジュース,トマトジュース,10403,1,13,0,,,,
クラブソーダ,ｸﾗﾌﾞｿｰﾀﾞ,10403,1,14,0,,,,
コーラ,コーラ,10403,1,15,0,,,,
ウーロン茶,ウーロン茶,10403,1,16,0,,,,
無し・アルコールに変更,無し・アルコールに変更,10403,1,17,0,-300,-300,-300,
